projectid,physical_cont,price_cont,contingencies,base_cost,other_costs,planned_total_report,base+contingency,planned_total,actual_cost,supp_ost,actual_supp_cot,cost_change,cost_change_perc,cancelltion,addition,sector1,sector2,sector3,regionname,countryname,status,approvaldate,loan_effective_date,approvaldate.1,closingdate_planned,closingdate_actual,duration_planned,duration_actual,delay,closingyear,envassesmentcategorycode,supplementprojectflg,projectfinancialtype,approval_year,ppi_factor,year_for_plr,planned_cost_adj1_plr,planned_cost_adj2_ppi,planned_cost_adj_both
P000306,4.38,4.36,8.74,196.74,0.4,70,205.48,205.88,269.37,0,269.37,63.89,31.09%,FALSE,TRUE,Water,"Water, Sanitation and Waste Management",Water Supply,Western and Central Africa,Burkina Faso,Closed,3/20/01,10/1/01,3/20/01,12/31/07,12/31/07,206.4,206.4,0,2007,A,N,Other,2001,1.641546183,2001,752.1,337.9615282,1234.606884
P000926,,,50.2,331.1,0,381.3,381.30,381.3,180.64,19.5,200.14,-181.16,-47.51%,TRUE,FALSE,Energy,Energy and Extractives,Power,Western and Central Africa,Ghana,Closed,2/16/95,11/17/95,2/16/95,6/30/01,12/31/06,193.8,361.3,167.5,2006,B,N,Other,1995,1.765668171,1995,814.84,599.0912105,1438.737053
P000953,,,28.36,137.87,19.1,185.33,166.23,185.33,183.62,0,183.62,17.39,10.46%,TRUE,FALSE,Energy,Energy and Extractives,Power,Western and Central Africa,Ghana,Closed,3/4/93,4/15/94,3/4/93,9/30/98,3/31/00,169.7,215.3,45.6,2000,B,N,IDA,1993,1.852534739,1993,383.66,306.4648218,710.7434779
P001344,36.5495,42.5232,79.0727,620.8585,0,699.9312,699.93,699.9312,553,0,553,-146.93,-20.99%,TRUE,TRUE,Energy,Energy and Extractives,Power,Eastern and Southern Africa,Kenya,Closed,6/19/97,6/23/98,6/19/97,6/30/04,6/30/04,214,214,0,2004,A,N,Other,1997,1.726346538,1997,2134.82,1209.046798,3685.439116
P001409,83.5,73.9,157.4,727,247.9,1132.2,884.40,1132.3,628.9,0,628.9,-255.50,-28.89%,TRUE,FALSE,Water,"Water, Sanitation and Waste Management",Water Supply,Eastern and Southern Africa,Lesotho,Closed,6/4/98,6/9/99,6/4/98,12/31/04,12/31/06,200.2,261,60.8,2006,A,N,Other,1998,1.770279815,1998,2873.15,2003.95675,5086.279449
P001533,11.9,6.9,18.8,113.7,0,132.5,132.50,132.5,102.6,0,102.6,-29.90,-22.57%,TRUE,TRUE,Energy,Energy and Extractives,Power,Eastern and Southern Africa,Madagascar,Closed,4/16/96,8/29/96,4/16/96,12/31/01,12/31/05,173.8,295.5,121.7,2005,B,N,Other,1996,1.725219827,1996,436.15,228.5916271,752.4546275
P001662,20.57,55.61,76.18,153.78,0,229.96,229.96,229.96,139.87,0,139.87,-90.09,-39.18%,TRUE,TRUE,Energy,Energy and Extractives,Power,Eastern and Southern Africa,Malawi,Closed,6/17/92,12/21/93,6/17/92,6/30/98,6/30/00,183.7,244.6,60.9,2000,A,N,Other,1992,1.879671349,1992,459.83,434.7303897,864.3292766
P001730,0,51.6,51.6,254.1,0,305.7,305.70,305.7,443,22,465,159.30,52.11%,TRUE,TRUE,Transportation,Transportation,Roads and highways,Western and Central Africa,Mali,Closed,5/26/94,4/13/95,5/26/94,6/30/01,12/31/04,216,322.7,106.7,2004,A,N,Other,1994,1.82882373,1994,906.56,559.0714141,1657.93844
P002084,28.2,61.1,89.3,200.9,16.5,306.7,290.20,306.7,294.55,0,294.55,4.35,1.50%,TRUE,FALSE,Water,"Water, Sanitation and Waste Management",Water Supply,Western and Central Africa,Nigeria,Closed,5/21/91,8/27/92,5/21/91,6/30/99,6/30/01,246.8,307.8,61,2001,C,N,IBRD,1991,1.890290202,1991,1125.35,579.7520051,2127.238079
P002109,9.8,14.2,24,102.2,2,128.2,126.20,128.2,127.6,0,127.6,1.40,1.11%,TRUE,FALSE,Water,"Water, Sanitation and Waste Management",Water Supply,Western and Central Africa,Nigeria,Closed,5/28/92,5/4/93,5/28/92,9/30/99,9/30/00,223.4,253.9,30.5,2000,B,N,IDA,1992,1.879671349,1992,575.62,240.973867,1081.976422
P002176,9.5,13.7,23.2,95,0,118.2,118.20,118.2,116.26,0,116.26,-1.94,-1.64%,TRUE,TRUE,Transportation,Transportation,Roads and highways,Western and Central Africa,Nigeria,Closed,4/27/93,5/20/94,4/27/93,6/30/99,12/31/99,187.9,203.3,15.4,1999,B,N,IDA,1993,1.852534739,1993,488.65,219.0437075,905.2411001
P002770,59.6,53.6,113.2,537.1,0,650.3,650.30,650.3,669.82,0,669.82,19.52,3.00%,TRUE,TRUE,Transportation,Transportation,Roads and highways,Eastern and Southern Africa,Tanzania,Closed,4/7/94,2/10/95,4/7/94,12/31/00,12/30/06,205,387.5,182.5,2006,B,N,Other,1994,1.82882373,1994,712.15,311.2657988,1302.396819
P002970,,,16.5,103.44,0,95.09,119.94,119.94,120.99,0,120.99,1.05,0.88%,FALSE,TRUE,Transportation,Transportation,Roads and highways,Eastern and Southern Africa,Uganda,Closed,6/29/99,2/1/00,6/29/99,12/31/04,6/30/08,167.7,274.1,106.4,2008,B,N,IDA,1999,1.755583329,1999,316.14,210.5646645,555.0101137
P003493,25.8,86.2,112,405.5,31.3,556.8,517.50,548.8,592.38,0,592.38,74.88,14.47%,FALSE,FALSE,Transportation,Transportation,Ports/Waterways,East Asia and Pacific,China,Closed,6/20/95,11/29/95,6/20/95,6/30/01,6/30/01,183.5,183.5,0,2001,A,N,IBRD,1995,1.765668171,1995,1591.21,913.7332786,2809.548851
P003507,130.9,46.5,177.4,1890.1,872.6,2940.1,2067.50,2940.1,3530,0,3530,1462.50,70.74%,FALSE,FALSE,Energy,Energy and Extractives,Power,East Asia and Pacific,China,Closed,8/22/95,1/17/96,8/22/95,12/31/01,12/31/01,193.6,193.6,0,2001,A,N,IBRD,1995,1.765668171,1995,9040.56,5191.417557,15962.62904
P003518,58.01,91.56,149.57,645.56,0,795.13,795.13,795.13,1038.44,0,1038.44,243.31,30.60%,FALSE,FALSE,Transportation,Transportation,Roads and highways,East Asia and Pacific,China,Closed,11/17/92,3/24/93,11/17/92,6/30/99,6/30/00,201.3,231.8,30.5,2000,A,N,IBRD,1992,1.879671349,1992,2758.43,1494.564283,5184.94184
P003534,40.39,66.05,106.44,452.42,0,558.85,558.86,558.86,486.09,0,486.09,-72.77,-13.02%,FALSE,TRUE,Transportation,Transportation,Roads and highways,East Asia and Pacific,China,Closed,5/19/92,9/2/92,5/19/92,6/30/98,6/30/00,186.1,247,60.9,2000,A,N,IBRD,1992,1.879671349,1992,1938.8,1050.47313,3644.306812
P003569,41.33,175.36,216.69,485.87,26.59,729.16,702.56,729.15,614.02,0,614.02,-88.54,-12.60%,TRUE,TRUE,Transportation,Transportation,Roads and highways,East Asia and Pacific,China,Closed,8/1/95,1/30/96,8/1/95,6/30/01,12/31/01,180,195.3,15.3,2001,A,N,IBRD,1995,1.765668171,1995,2242.03,1287.454604,3958.68101
P003570,47.8,70.3,118.1,1065.4,0,1183.5,1183.50,1183.5,1473.23,0,1473.23,289.73,24.48%,TRUE,TRUE,Transportation,Transportation,Railways,East Asia and Pacific,China,Closed,3/25/93,7/14/93,3/25/93,6/30/99,6/30/01,190.7,251.6,60.9,2001,B,N,IBRD,1993,1.852534739,1993,4594.96,2192.474863,8512.323024
P003571,116.4,53.3,169.7,1577.8,0,1747.5,1747.50,1747.5,1506.72,0,1506.72,-240.78,-13.78%,TRUE,TRUE,Transportation,Transportation,Railways,East Asia and Pacific,China,Closed,6/1/95,3/19/96,6/1/95,12/31/02,9/30/04,230.8,284.1,53.3,2004,B,N,IBRD,1995,1.765668171,1995,3604.91,2070.069364,6365.074847
P003581,20.9,30,50.9,249.8,0,300.7,300.70,300.7,296.21,0,296.21,-4.49,-1.49%,FALSE,FALSE,Transportation,Transportation,Roads and highways,East Asia and Pacific,China,Closed,11/17/92,3/24/93,11/17/92,6/30/98,6/30/00,170.9,231.8,60.9,2000,A,N,IBRD,1992,1.879671349,1992,1043.19,565.2171748,1960.854355
P003586,40.1,65.4,105.5,351.1,0,456.6,456.60,456.6,560.7,0,560.7,104.10,22.80%,FALSE,FALSE,Water,"Water, Sanitation and Waste Management",Water Supply,East Asia and Pacific,China,Closed,3/8/94,10/3/94,8/3/94,6/30/00,12/31/02,179.8,256,76.2,2002,B,N,IBRD,1994,1.82882373,1994,1612.62,835.0409149,2949.197723
P003612,19.7,68.6,88.3,229.2,0,317.5,317.50,317.5,356.55,0,356.55,39.05,12.30%,FALSE,FALSE,Transportation,Transportation,Roads and highways,East Asia and Pacific,China,Closed,8/30/94,2/8/95,8/30/94,12/30/00,12/30/00,192.8,192.8,0,2000,A,N,IBRD,1994,1.82882373,1994,1140.42,590.5271823,2085.627158
P003616,32.2,48.7,80.9,465,174.4,720.3,545.90,720.3,789.7,0,789.7,243.80,44.66%,FALSE,FALSE,Energy,Energy and Extractives,Power,East Asia and Pacific,China,Closed,5/18/93,11/23/93,5/18/93,12/31/01,6/30/02,262.4,277.5,15.1,2002,A,N,IBRD,1993,1.852534739,1993,2796.58,1334.380772,5180.7616
P003619,21.489,27.81,49.299,230.742,6.975,289.261,280.04,287.016,210.36,0,210.36,-69.68,-24.88%,TRUE,FALSE,Transportation,Transportation,Ports/Waterways,East Asia and Pacific,China,Closed,5/29/98,3/16/99,3/16/99,6/30/05,6/30/05,191.5,191.5,0,2005,A,N,Other,1998,1.770279815,1998,852.83,507.7162508,1509.747734
P003637,14.4,9.9,24.3,109.7,2.7,136.7,134.00,136.7,132.39,0,132.39,-1.61,-1.20%,FALSE,FALSE,Water,"Water, Sanitation and Waste Management",Sanitation,East Asia and Pacific,China,Closed,6/23/97,11/12/97,6/23/97,6/30/03,12/31/05,183.2,259.4,76.2,2005,B,N,IDA,1997,1.726346538,1997,391.58,231.5030707,676.0027773
P003650,65,64.6,129.6,836.3,330.9,1290.8,965.90,1296.8,719.2,0,719.2,-246.70,-25.54%,FALSE,FALSE,Energy,Energy and Extractives,Power,East Asia and Pacific,China,Closed,5/27/97,12/22/98,5/27/97,7/31/04,12/31/05,218.5,261.7,43.2,2005,A,N,IBRD,1997,1.726346538,1997,3768.96,2228.195477,6506.531048
P003653,2.186,0.88,3.066,155.44,0.284,158.79,158.51,158.79,73.66,0,73.66,-84.85,-53.53%,TRUE,FALSE,Transportation,Transportation,Ports/Waterways,East Asia and Pacific,China,Closed,3/16/99,12/24/99,3/16/99,6/30/05,6/30/05,191.5,191.5,0,2005,B,N,IBRD,1999,1.755583329,1999,481.68,277.0134935,845.6293781
P003654,82.3,146.9,229.2,903.7,0,1132.8,1132.90,1132.9,1127.4,0,1127.4,-5.50,-0.49%,FALSE,FALSE,Transportation,Transportation,Roads and highways,East Asia and Pacific,China,Closed,12/17/96,11/24/97,12/17/96,12/31/03,12/31/04,214.2,244.7,30.5,2004,A,N,IBRD,1996,1.725219827,1996,3315.4,1954.32902,5719.793814
P003910,55.8,48.6,104.4,480.7,103.8,688.9,585.10,688.9,424.69,0,424.69,-160.41,-27.42%,TRUE,FALSE,Energy,Energy and Extractives,Power,East Asia and Pacific,Indonesia,Closed,6/21/94,11/23/94,6/21/94,12/31/00,6/30/01,198.8,213.8,15,2001,A,N,IBRD,1994,1.82882373,1994,3135.98,1259.876667,5735.15464
P003945,59.4,27.5,86.9,593.6,0,680.5,680.50,680.5,436.91,0,436.91,-243.59,-35.80%,TRUE,TRUE,Transportation,Transportation,Roads and highways,East Asia and Pacific,Indonesia,Closed,3/10/94,6/21/94,3/10/94,12/31/99,12/31/01,176.8,237.8,61,2001,B,N,IBRD,1994,1.82882373,1994,3097.74,1244.514548,5665.22042
P003979,41.6,35.7,77.3,665.7,98.3,841.3,743.00,841.3,656.1,0,656.1,-86.90,-11.70%,TRUE,FALSE,Energy,Energy and Extractives,Power,East Asia and Pacific,Indonesia,Closed,2/28/95,7/19/95,2/28/95,12/31/98,3/31/00,116.8,154.8,38,2000,B,N,IBRD,1995,1.765668171,1995,3703.06,1485.456632,6538.375178
P003993,32,17,49,320.3,0,369.3,369.30,369.3,219.29,0,219.29,-150.01,-40.62%,TRUE,TRUE,Transportation,Transportation,Roads and highways,East Asia and Pacific,Indonesia,Closed,3/31/98,7/23/98,3/31/98,12/31/03,12/31/05,175.1,236,60.9,2005,A,N,IBRD,1998,1.770279815,1998,3536.31,653.7643355,6260.258211
P004026,12.6,12.7,25.3,182.1,0,207.3,207.40,207.4,130.93,0,130.93,-76.47,-36.87%,TRUE,FALSE,Transportation,Transportation,Railways,East Asia and Pacific,Indonesia,Closed,11/21/96,6/13/97,11/21/96,9/30/02,12/30/04,178.3,246.8,68.5,2004,B,N,IBRD,1996,1.725219827,1996,891.03,357.8105921,1537.222622
P004607,68.3,112.8,181.1,1085.9,66.7,1333.6,1267.00,1333.7,1317.3,30,1347.3,80.30,6.34%,TRUE,TRUE,Energy,Energy and Extractives,Renewable energy,East Asia and Pacific,Philippines,Closed,6/7/94,3/1/95,6/7/94,6/30/99,3/31/00,154.1,177,22.9,2000,A,N,Other,1994,1.82882373,1994,3524.15,2438.919326,6445.049147
P004799,34.7,44.6,79.3,396.2,110.2,585.6,475.50,585.7,318.64,0,318.64,-156.86,-32.99%,FALSE,FALSE,Energy,Energy and Extractives,Power,East Asia and Pacific,Thailand,Closed,5/9/95,1/3/96,5/9/95,12/31/00,12/31/00,171.9,171.9,0,2000,A,N,IBRD,1995,1.765668171,1995,1410.81,1033.975281,2491.022312
P004800,,,42.46,283.06,0,325.52,325.52,325.52,89.02,0,89.02,-236.50,-72.65%,TRUE,FALSE,Transportation,Transportation,Roads and highways,East Asia and Pacific,Thailand,Closed,12/21/95,5/17/96,12/21/95,6/30/00,9/30/01,137.8,175.8,38,2001,A,N,IBRD,1995,1.765668171,1995,784.23,574.7603031,1384.68995
P004830,5.89,18.94,24.83,117.82,0,142.66,142.65,142.65,88.85,0,88.85,-53.80,-37.71%,TRUE,TRUE,Water,"Water, Sanitation and Waste Management",Water Supply,East Asia and Pacific,Viet Nam,Closed,6/26/97,10/10/96,6/26/97,12/31/02,12/31/04,167.8,228.8,61,2004,B,N,Other,1997,1.726346538,1997,680.11,246.2460702,1174.105544
P004836,20.12,16.91,37.03,201.16,9.71,247.9,238.19,247.9,186.7,0,186.7,-51.49,-21.62%,TRUE,FALSE,Energy,Energy and Extractives,Power,East Asia and Pacific,Viet Nam,Closed,5/16/95,3/8/96,5/16/95,6/30/99,6/30/00,125.5,156,30.5,2000,A,N,IDA,1995,1.765668171,1995,1249.13,437.7091396,2205.549083
P004843,4.439,11.978,16.417,68.48,0,84.897,84.90,84.897,48.4,0,48.4,-36.50,-42.99%,FALSE,TRUE,Transportation,Transportation,Ports/Waterways,East Asia and Pacific,Viet Nam,Closed,11/4/97,3/6/98,11/4/97,12/31/03,3/31/06,187.3,255.8,68.5,2006,A,N,IDA,1997,1.726346538,1997,327.09,118.4273725,564.6706891
P004845,11.2,8.7,19.9,127.7,0,147.6,147.60,147.6,156.5,0,156.5,8.90,6.03%,TRUE,TRUE,Water,"Agriculture, Fishing and Forestry",Irrigation and Drainage,East Asia and Pacific,Viet Nam,Closed,5/4/99,10/29/99,5/4/99,6/30/05,12/31/07,187.4,263.6,76.2,2007,B,N,Other,1999,1.755583329,1999,748.48,259.1240994,1314.01901
P005146,19.7,40.3,60,230,0,290,290.00,290,330.8,0,330.8,40.80,14.07%,TRUE,TRUE,Water,"Agriculture, Fishing and Forestry",Irrigation and Drainage,"Middle East, North Africa, Afghanistan, and Pakistan","Egypt, Arab Republic of",Closed,11/26/91,9/1/92,11/26/91,12/31/99,12/31/00,246.4,276.9,30.5,2000,B,N,Other,1991,1.890290202,1991,1688.67,548.1841587,3192.076356
P005173,18.3635,24.3105,42.674,139.6416,0,182.3156,182.32,182.3156,167.5,0,167.5,-14.82,-8.13%,TRUE,TRUE,Water,"Agriculture, Fishing and Forestry",Irrigation and Drainage,"Middle East, North Africa, Afghanistan, and Pakistan","Egypt, Arab Republic of",Closed,12/22/94,8/2/96,12/1/94,12/31/02,12/31/06,246,367.8,121.8,2006,B,N,Other,1994,1.82882373,1994,914.1,333.3945659,1671.727771
P005215,31.7,25.3,57,326.3,30.6,413.9,383.30,413.9,258.8,0,258.8,-124.50,-32.48%,TRUE,TRUE,Energy,Energy and Extractives,Power,"Middle East, North Africa, Afghanistan, and Pakistan","Iran, Islamic Republic of",Closed,3/30/93,7/27/93,3/30/93,6/30/98,12/31/00,159.8,236.1,76.3,2000,B,N,IBRD,1993,1.852534739,1993,3169.06,766.9493819,5870.793739
P005284,4.81,7.51,12.32,67.73,0,80.05,80.05,80.05,70.82,0,70.82,-9.23,-11.53%,TRUE,TRUE,Transportation,Transportation,Roads and highways,"Middle East, North Africa, Afghanistan, and Pakistan",Jordan,Closed,3/11/93,3/3/94,3/11/93,6/30/99,6/30/00,191.8,222.3,30.5,2000,B,N,Other,1993,1.852534739,1993,293.39,148.2954058,543.515167
P005435,15.1,37.9,53,300.6,0,353.6,353.60,353.6,99.8,0,99.8,-253.80,-71.78%,TRUE,FALSE,Water,"Water, Sanitation and Waste Management",Sanitation,"Middle East, North Africa, Afghanistan, and Pakistan",Morocco,Closed,11/23/93,9/1/94,11/23/93,12/31/01,12/31/01,246.7,246.7,0,2001,B,N,Other,1993,1.852534739,1993,772.31,655.0562837,1430.731104
P005977,18.7,44.8,63.5,186.6,0,250,250.10,250.1,71.8,0,71.8,-178.30,-71.29%,TRUE,TRUE,Water,"Water, Sanitation and Waste Management",Water Supply,Latin America and Caribbean,Argentina,Closed,12/18/90,3/11/92,12/18/90,6/30/98,4/30/00,229.3,285.1,55.8,2000,B,N,Other,1990,1.89421843,1990,414.7,473.5546074,785.5323828
P005980,90,52,142,1358,0,1500,1500.00,1500,1160.2,0,1160.2,-339.80,-22.65%,FALSE,TRUE,Transportation,Transportation,Roads and highways,Latin America and Caribbean,Argentina,Closed,9/12/96,11/18/97,9/12/96,12/31/02,6/30/06,191.8,298.2,106.4,2006,B,N,IBRD,1996,1.725219827,1996,2054.46,2587.82974,3544.395126
P006003,34,50,84,559,113,756,643.00,756,614.6,0,614.6,-28.40,-4.42%,FALSE,TRUE,Transportation,Transportation,Roads and highways,Latin America and Caribbean,Argentina,Closed,6/3/93,12/30/93,6/3/93,6/30/00,6/30/00,215.3,215.3,0,2000,B,N,IBRD,1993,1.852534739,1993,1033.08,1400.516263,1913.816588
P006036,60.4,107.1,167.5,1322.3,1101.3,2591.1,1489.80,2591.1,3029,0,3029,1539.20,103.32%,TRUE,TRUE,Energy,Energy and Extractives,Power,Latin America and Caribbean,Argentina,Closed,9/29/92,1/13/93,9/29/92,12/31/98,12/31/00,190.3,251.3,61,2000,A,N,IBRD,1992,1.879671349,1992,1778.25,2618.38219,3342.525577
P006453,30.2,42,72.2,392.8,0,465,465.00,465,398.4,0,398.4,-66.60,-14.32%,TRUE,TRUE,Water,"Agriculture, Fishing and Forestry",Irrigation and Drainage,Latin America and Caribbean,Brazil,Closed,2/20/90,9/20/91,2/20/90,6/30/95,12/30/00,163,330.5,167.5,2000,C,N,IBRD,1990,1.89421843,1990,1204.85,880.8115698,2282.249075
P006532,56,72,128,1122,0,1250,1250.00,1250,311.82,0,311.82,-938.18,-75.05%,FALSE,TRUE,Transportation,Transportation,Roads and highways,Latin America and Caribbean,Brazil,Closed,6/12/97,2/25/98,6/12/97,12/31/02,12/17/05,169,259.2,90.2,2005,B,N,Other,1997,1.726346538,1997,608.67,647.3799517,1050.775347
P006894,48.6,116.9,165.5,485.6,66.9,717.9,651.10,718,601.9,0,601.9,-49.20,-7.56%,TRUE,TRUE,Water,"Water, Sanitation and Waste Management",Sanitation,Latin America and Caribbean,Colombia,Closed,11/16/95,3/18/96,11/16/95,6/30/03,12/31/03,231.9,247.3,15.4,2003,A,N,Other,1995,1.765668171,1995,867.54,731.5163233,1531.787765
P006926,7,11.4,18.4,78.5,0,96.9,96.90,96.9,74.47,0,74.47,-22.43,-23.15%,TRUE,TRUE,Transportation,Transportation,Roads and highways,Latin America and Caribbean,Costa Rica,Closed,5/24/90,7/12/91,5/24/90,6/30/97,6/30/01,216.2,337.9,121.7,2001,B,N,IBRD,1990,1.89421843,1990,265.73,183.4361127,503.3506633
P007318,,,5.26,116.58,3.15,125,121.84,124.99,116.82,0,116.82,-5.02,-4.12%,TRUE,TRUE,Transportation,Transportation,Roads and highways,Latin America and Caribbean,Haiti,Closed,3/23/95,7/13/95,3/23/95,12/31/01,12/31/01,206.3,206.3,0,2001,B,N,Other,1995,1.765668171,1995,387.83,220.7085214,684.7790868
P007612,33.1,20,53.1,330.8,31.6,415.5,383.90,415.5,21.01,1.1,22.11,-361.79,-94.24%,FALSE,FALSE,Water,"Water, Sanitation and Waste Management",Waste Management,Latin America and Caribbean,Mexico,Closed,6/9/94,9/29/95,6/9/94,12/31/99,12/31/00,169.3,199.8,30.5,2000,A,N,IBRD,1994,1.82882373,1994,634.15,759.8762597,1159.748568
P007707,,,100.44,669.57,0,770,770.01,770.01,392.95,0,392.95,-377.06,-48.97%,TRUE,TRUE,Water,"Water, Sanitation and Waste Management",Water Supply,Latin America and Caribbean,Mexico,Closed,6/9/94,6/20/95,6/9/94,9/30/98,8/31/01,131.2,220,88.8,2001,B,N,Other,1994,1.82882373,1994,1159.94,1389.906035,2121.325797
P007913,7.6,6.6,14.2,75.8,0,90,90.00,90,136.29,0,136.29,46.29,51.43%,FALSE,FALSE,Transportation,Transportation,Roads and highways,Latin America and Caribbean,Paraguay,Closed,12/21/93,7/20/94,12/31/93,6/15/99,6/15/01,166,226.9,60.9,2001,B,N,IBRD,1993,1.852534739,1993,337.63,166.7281265,625.4713039
P008051,25.2,29,54.2,252,0,306.2,306.20,306.2,311.82,0,311.82,5.62,1.84%,TRUE,FALSE,Water,"Water, Sanitation and Waste Management",Water Supply,Latin America and Caribbean,Peru,Closed,11/22/94,8/31/95,11/22/94,6/30/01,3/31/09,201,436.9,235.9,2009,B,N,Other,1994,1.82882373,1994,671.76,559.985826,1228.530629
P008177,8.2,10.8,19,106,31.5,156.5,125.00,156.5,175,0,175,50.00,40.00%,TRUE,FALSE,Energy,Energy and Extractives,Power,Latin America and Caribbean,Uruguay,Closed,10/31/95,7/11/97,10/31/95,12/31/02,3/31/06,218.2,317,98.8,2006,B,N,IBRD,1995,1.765668171,1995,313.99,402.572343,554.402149
P008288,7.95,7.69,15.64,73.85,5.41,94.9,89.49,94.9,72.2,88.21,160.41,70.92,79.25%,FALSE,FALSE,Water,"Water, Sanitation and Waste Management",Water Supply,Europe and Central Asia,Azerbaijan,Closed,6/28/95,2/14/96,6/28/95,12/31/01,1/31/06,198.2,322.5,124.3,2006,B,N,IDA,1995,1.765668171,1995,532.73,125.539007,940.6244048
P008315,,,47.35,248.65,0,296,296.00,296,279.7,0,279.7,-16.30,-5.51%,TRUE,FALSE,Transportation,Transportation,Railways,Europe and Central Asia,Bulgaria,Closed,7/6/95,3/1/96,7/6/95,6/30/00,6/30/02,151.8,212.6,60.8,2002,B,N,Other,1995,1.765668171,1995,1013.43,522.4612118,1789.381095
P008316,8.9,17.5,26.4,88.3,11.3,126,114.70,126,93.4,0,93.4,-21.30,-18.57%,TRUE,FALSE,Energy,Energy and Extractives,Power,Europe and Central Asia,Bulgaria,Closed,3/9/93,8/11/93,3/9/93,12/30/97,12/31/00,146.4,237.8,91.4,2000,B,N,IBRD,1993,1.852534739,1993,692.79,233.4193771,1283.417542
P008329,,35.9,35.9,531.91,0,567.81,567.81,567.81,1598.46,0,1598.46,1030.65,181.51%,FALSE,TRUE,Transportation,Transportation,Roads and highways,Europe and Central Asia,Croatia,Closed,4/20/95,7/26/95,4/20/95,12/31/00,6/30/01,173.5,188.6,15.1,2001,A,N,Other,1995,1.765668171,1995,926.93,1002.564044,1636.650798
P008499,16,8,24,111.7,0,135.7,135.70,135.7,131.91,0,131.91,-3.79,-2.79%,TRUE,FALSE,Transportation,Transportation,Roads and highways,Europe and Central Asia,Kazakhstan,Closed,2/9/99,1/14/00,2/9/99,12/31/04,12/31/07,179.3,270.6,91.3,2007,B,N,IBRD,1999,1.755583329,1999,872.88,252.4528828,1532.413577
P008510,7.98,23.17,31.15,86.69,0,117.84,117.84,117.84,97.7,0,97.7,-20.14,-17.09%,FALSE,FALSE,Water,"Agriculture, Fishing and Forestry",Irrigation and Drainage,Europe and Central Asia,Kazakhstan,Closed,6/18/96,10/21/96,6/18/96,12/31/03,12/31/04,229.3,259.8,30.5,2004,B,N,Other,1996,1.725219827,1996,536.7,203.2999044,925.9254811
P008593,46.7,25.7,72.4,467.6,0,540,540.00,540,473.4,0,473.4,-66.60,-12.33%,TRUE,TRUE,Transportation,Transportation,Roads and highways,Europe and Central Asia,Poland,Closed,10/28/97,2/18/98,10/28/97,6/30/03,12/31/06,172.6,279.3,106.7,2006,A,N,IBRD,1997,1.726346538,1997,1170.2,932.2271305,2020.170719
P008599,,,27.4,269.4,0,296.8,296.80,296.8,301.31,0,301.31,4.51,1.52%,TRUE,TRUE,Transportation,Transportation,Roads and highways,Europe and Central Asia,Poland,Closed,3/9/93,9/30/93,3/9/93,6/30/99,6/30/00,192,222.5,30.5,2000,C,N,IBRD,1993,1.852534739,1993,779.19,549.8323105,1443.476543
P008832,,,9.637,124.503,33.535,167.675,134.14,167.675,111.09,0,111.09,-23.05,-17.18%,FALSE,TRUE,Water,"Water, Sanitation and Waste Management",Water Supply,Europe and Central Asia,Russia,Closed,12/21/00,9/13/02,12/21/00,6/30/06,4/30/09,168.1,254.3,86.2,2009,B,N,IBRD,2000,1.659477569,2000,650.72,280.2857613,1079.855243
P009065,,,78.2,180.2,0,258.4,258.40,258.4,193.21,0,193.21,-65.19,-25.23%,TRUE,TRUE,Water,"Water, Sanitation and Waste Management",Waste Management,Europe and Central Asia,Turkey,Closed,3/11/93,9/3/91,3/11/93,6/30/01,6/30/01,252.8,252.8,0,2001,B,N,IBRD,1993,1.852534739,1993,593.82,478.5838244,1100.072179
P009071,,,47.31,315.39,0,362.7,362.70,362.7,288.53,0,288.53,-74.17,-20.45%,FALSE,FALSE,Energy,Energy and Extractives,Power,Europe and Central Asia,Turkey,Closed,6/13/91,4/27/92,6/13/91,6/30/95,12/31/00,123.2,290.8,167.6,2000,B,N,IBRD,1991,1.890290202,1991,830.51,685.6082564,1569.904916
P009121,9.06,6.94,16,101,0,117,117.00,117,78.8,0,78.8,-38.20,-32.65%,FALSE,FALSE,Water,"Water, Sanitation and Waste Management",Sanitation,Europe and Central Asia,Uzbekistan,Closed,8/21/97,10/2/97,8/21/97,12/31/05,6/30/08,254.5,330.5,76,2008,B,N,IBRD,1997,1.726346538,1997,411.8,201.9825449,710.9095043
P009127,4.2,2.3,6.5,66.4,1.65,74.55,72.90,74.55,68.37,0,68.37,-4.53,-6.21%,FALSE,FALSE,Water,"Agriculture, Fishing and Forestry",Irrigation and Drainage,Europe and Central Asia,Uzbekistan,Closed,6/19/03,2/20/04,6/19/03,6/30/10,6/30/13,214,305.3,91.3,2013,A,N,IBRD,2003,1.594800494,2003,540.6,118.8923768,862.1491471
P009465,23,12.8,35.8,216.4,0,252.2,252.20,252.2,343.52,100.9,444.42,192.22,76.22%,TRUE,TRUE,Transportation,Transportation,Roads and highways,South Asia,Bangladesh,Closed,6/28/94,9/27/94,6/28/94,3/31/00,12/31/00,175.3,198.2,22.9,2000,B,N,IDA,1994,1.82882373,1994,1049.54,644.0202764,1919.423657
P009869,206.3,205,411.3,1063.3,362,1836.6,1474.60,1836.6,2645.7,0,2645.7,1171.10,79.42%,FALSE,FALSE,Energy,Energy and Extractives,Power,South Asia,India,Closed,3/2/89,1/30/90,3/2/89,12/31/97,3/31/02,268.8,398.1,129.3,2002,C,N,Other,1989,1.962567243,1989,6458.33,4314.90034,12674.9069
P009870,,,19.02,131.98,0,151,151.00,151,45.1,0,45.1,-105.90,-70.13%,FALSE,FALSE,Transportation,Transportation,Railways,South Asia,India,Closed,6/9/94,1/31/95,6/9/94,12/31/99,12/31/01,169.3,230.2,60.9,2001,C,N,Other,1994,1.82882373,1994,636.86,276.1523832,1164.70468
P009946,27.2,42.7,69.9,315.4,0,385.3,385.30,385.3,417.99,0,417.99,32.69,8.48%,TRUE,FALSE,Transportation,Transportation,Roads and highways,South Asia,India,Closed,5/12/92,8/31/92,5/12/92,6/30/01,12/31/02,278,323.8,45.8,2002,B,N,IBRD,1992,1.879671349,1992,1579.67,724.2373709,2969.260441
P009964,37.4,-13.8,23.6,459.8,0,483.4,483.40,483.4,474.37,0,474.37,-9.03,-1.87%,TRUE,FALSE,Water,"Agriculture, Fishing and Forestry",Irrigation and Drainage,South Asia,India,Closed,3/29/94,6/24/94,3/29/94,12/31/00,12/31/01,205.8,236.2,30.4,2001,A,N,IDA,1994,1.82882373,1994,2038.79,884.0533909,3728.587532
P009972,53.5,34.5,88,556.84,5.16,650,644.84,650,543.14,0,543.14,-101.70,-15.77%,FALSE,FALSE,Transportation,Transportation,Roads and highways,South Asia,India,Closed,6/8/00,10/2/00,6/8/00,6/30/06,12/31/07,184.4,230.2,45.8,2007,B,N,IBRD,2000,1.659477569,2000,3069.58,1078.66042,5093.899155
P009982,62.5,183.5,246,694.3,239.5,1179.8,940.30,1179.8,832.62,0,832.62,-107.68,-11.45%,FALSE,FALSE,Energy,Energy and Extractives,Power,South Asia,India,Closed,6/26/90,1/10/91,6/26/90,9/30/98,9/30/00,251.5,312.4,60.9,2000,B,N,IBRD,1990,1.89421843,1990,3071.42,1781.341954,5817.94037
P010366,11.1205,29.7392,40.8597,153.321,21.638,194.18,194.18,194.1807,81.51,0,81.51,-112.67,-58.02%,FALSE,FALSE,Water,"Water, Sanitation and Waste Management",Sanitation,"Middle East, North Africa, Afghanistan, and Pakistan",Pakistan,Closed,4/23/91,7/27/92,4/23/91,6/30/00,6/30/00,279.7,279.7,0,2000,B,N,IDA,1991,1.890290202,1991,442.27,258.4026707,836.0186478
P010408,10.9,10.2,21.1,111.1,0,132.25,132.20,132.2,121.4,0,121.4,-10.80,-8.17%,TRUE,FALSE,Water,"Agriculture, Fishing and Forestry",Irrigation and Drainage,South Asia,India,Closed,11/19/92,3/16/93,11/19/92,6/30/98,6/30/00,170.8,231.7,60.9,2000,B,N,IDA,1992,1.879671349,1992,542,248.4925524,1018.781871
P010416,47,83,130,495,139,764,625.00,764,433,0,433,-192.00,-30.72%,TRUE,FALSE,Energy,Energy and Extractives,Power,South Asia,India,Closed,3/23/93,3/26/93,3/23/93,6/30/00,12/31/00,221.3,236.7,15.4,2000,B,N,Other,1993,1.852534739,1993,2835.94,1158.037991,5253.677367
P010418,,,12.9,104.9,0,117.8,117.80,117.8,127.1,0,127.1,9.30,7.89%,FALSE,TRUE,Water,"Water, Sanitation and Waste Management",Sanitation,South Asia,India,Closed,4/20/93,2/23/94,4/20/93,12/31/99,9/30/00,203.8,226.7,22.9,2000,B,N,IDA,1993,1.852534739,1993,534.15,218.1174402,989.5314307
P010450,,,250.7,1224.7,356.2,1831.6,1475.40,1831.6,3106,0,3106,1630.60,110.52%,TRUE,TRUE,Energy,Energy and Extractives,Power,"Middle East, North Africa, Afghanistan, and Pakistan",Pakistan,Closed,11/29/94,1/19/95,11/29/94,12/31/99,6/30/00,154.8,170,15.2,2000,B,N,Other,1994,1.82882373,1994,8202.69,4370.888714,15001.27412
P010458,274,497.9,771.9,3114.8,563.1,4470,3886.70,4449.8,2881,0,2881,-1005.70,-25.88%,FALSE,FALSE,Energy,Energy and Extractives,Power,"Middle East, North Africa, Afghanistan, and Pakistan",Pakistan,Closed,6/23/94,4/11/95,6/23/94,6/30/99,3/31/01,152.8,206.1,53.3,2001,B,N,Other,1994,1.82882373,1994,15341.43,8174.842071,28056.77123
P010480,52.6,1.4,54,241.6,0,295.6,295.60,295.6,273.2,0,273.2,-22.40,-7.58%,TRUE,FALSE,Water,"Water, Sanitation and Waste Management",Sanitation,South Asia,India,Closed,7/6/95,3/22/96,7/6/95,12/31/02,12/31/03,227.9,258.3,30.4,2003,A,N,IBRD,1995,1.765668171,1995,1243.83,521.9315114,2196.191041
P010501,1.1,8.5,9.6,95.2,0,104.8,104.80,104.8,33.52,0,33.52,-71.28,-68.02%,FALSE,FALSE,Water,"Agriculture, Fishing and Forestry",Irrigation and Drainage,"Middle East, North Africa, Afghanistan, and Pakistan",Pakistan,Closed,7/11/96,3/17/97,7/11/96,12/31/01,12/31/01,166.6,166.6,0,2001,B,N,IDA,1996,1.725219827,1996,339.86,180.8030379,586.3332104
P010556,10.42,18.18,28.6,232.3,0.5,261.4,260.90,261.4,576.53,491.4,1067.93,807.03,309.33%,FALSE,FALSE,Transportation,Transportation,Rural and Inter-Urban Roads,"Middle East, North Africa, Afghanistan, and Pakistan",Pakistan,Closed,12/23/03,2/27/04,12/23/03,12/31/09,6/30/13,183.3,289.8,106.5,2013,B,N,IDA,2003,1.594800494,2003,1096.9,416.8808491,1749.336662
P010566,33.1,58.7,91.8,441.2,0,533,533.00,533,408.34,0,408.34,-124.66,-23.39%,FALSE,FALSE,Transportation,Transportation,Roads and highways,South Asia,India,Closed,9/5/00,11/28/00,9/5/00,12/31/05,12/31/07,161.9,222.8,60.9,2007,B,N,Other,2000,1.659477569,2000,2517.06,884.501544,4177.004609
P034038,6.096,4.449,10.545,103.977,0.65,115.171,114.52,115.172,240.04,69.7,309.74,195.22,170.46%,FALSE,TRUE,Transportation,Transportation,Urban Transport,"Middle East, North Africa, Afghanistan, and Pakistan",Lebanon,Closed,6/13/02,7/31/03,6/13/02,12/31/08,12/31/15,199.4,412.4,213,2015,A,N,Other,2002,1.680044375,2002,562.74,472.462079,945.4281714
P035076,17.16,2.68,19.84,171.7,21.89,223.43,191.54,213.43,364.31,0,364.31,172.77,90.20%,TRUE,TRUE,Energy,Energy and Extractives,Power,Eastern and Southern Africa,Zambia,Closed,2/19/98,3/2/99,2/19/98,12/31/02,12/31/05,148,239.3,91.3,2005,B,N,Other,1998,1.770279815,1998,958.57,395.533619,1696.937122
P035079,10.72,23.55,34.27,238.98,0,273.26,273.25,273.25,252.66,0,252.66,-20.59,-7.54%,TRUE,TRUE,Water,"Water, Sanitation and Waste Management",Waste Management,East Asia and Pacific,"Korea, Republic of",Closed,12/20/94,10/27/95,12/20/94,6/30/00,12/31/01,168.3,214,45.7,2001,A,N,Other,1994,1.82882373,1994,358.03,557.9741199,654.7737599
P035160,5.8,3.9,9.7,67.3,2.7,79.7,77.00,79.7,66.47,0,66.47,-10.53,-13.68%,TRUE,TRUE,Energy,Energy and Extractives,Power,South Asia,India,Closed,1/15/98,1/22/98,1/15/98,12/31/00,12/31/00,90.1,90.1,0,2000,B,N,Other,1998,1.770279815,1998,344.84,136.3115457,610.4632912
P035172,6,3,9,211,16,236,220.00,236,201.4,0,201.4,-18.60,-8.45%,TRUE,FALSE,Energy,Energy and Extractives,Power,South Asia,India,Closed,4/25/00,8/11/00,4/25/00,12/31/04,12/31/04,142.6,142.6,0,2004,B,N,Other,2000,1.659477569,2000,1038.94,365.0850651,1724.097625
P035173,470,977,1447,4240,0,5687,5687.00,5687,1464.93,0,1464.93,-4222.07,-74.24%,FALSE,FALSE,Energy,Energy and Extractives,Power,South Asia,India,Closed,5/3/01,11/21/01,5/3/01,6/30/06,6/30/06,157,157,0,2006,A,N,IBRD,2001,1.641546183,2001,10345.93,3477.352942,16983.3219
P035544,,,9.8,98.4,9.8,118.1,108.20,118,3.4,0,3.4,-104.80,-96.86%,TRUE,TRUE,Energy,Energy and Extractives,Renewable energy,East Asia and Pacific,Indonesia,Closed,1/28/97,10/1/97,1/28/97,4/30/02,1/31/01,159.8,122,-37.8,2001,B,N,Other,1997,1.726346538,1997,569.49,203.8815261,983.1370899
P035698,35.35,46.4,81.75,490.7,174.75,747.19,572.45,747.2,435.1,0,435.1,-137.35,-23.99%,TRUE,FALSE,Energy,Energy and Extractives,Power,East Asia and Pacific,China,Closed,6/18/98,12/13/99,6/18/98,12/31/04,12/31/05,199,229.4,30.4,2005,A,N,IBRD,1998,1.770279815,1998,2221.89,1322.753077,3933.367017
P035707,11.5,13,24.5,233.5,0,258,258.00,258,258,0,258,0.00,0.00%,TRUE,TRUE,Water,"Agriculture, Fishing and Forestry",Irrigation and Drainage,"Middle East, North Africa, Afghanistan, and Pakistan",Tunisia,Closed,6/22/00,1/23/01,6/22/00,6/30/06,12/31/07,183.3,229,45.7,2007,B,N,IBRD,2000,1.659477569,2000,698.65,428.1452127,1159.394003
P036405,136.5,169.3,305.8,981.9,63.8,1351.6,1287.70,1351.5,1072.1,0,1072.1,-215.60,-16.74%,FALSE,FALSE,Water,"Water, Sanitation and Waste Management",Sanitation,East Asia and Pacific,China,Closed,6/3/97,11/21/97,6/3/97,6/30/03,6/30/07,184.8,306.6,121.8,2007,A,N,Other,1997,1.726346538,1997,3946.8,2333.329981,6813.544516
P036414,19.8,12.2,32,136.5,6.5,175,168.50,175,163.5,0,163.5,-5.00,-2.97%,TRUE,TRUE,Water,"Water, Sanitation and Waste Management",Waste Management,East Asia and Pacific,China,Closed,6/16/98,10/30/98,6/16/98,12/31/04,12/31/07,199.2,290.4,91.2,2007,A,N,IDA,1998,1.770279815,1998,500.76,298.1151208,886.4853199
P036949,49.9,86.9,136.8,542.2,0,679,679.00,679,607.21,0,607.21,-71.79,-10.57%,TRUE,FALSE,Transportation,Transportation,Roads and highways,East Asia and Pacific,China,Closed,5/29/98,9/11/98,5/19/98,12/31/04,12/31/04,201.5,201.5,0,2004,A,N,IBRD,1998,1.770279815,1998,2019.03,1201.984588,3574.248054
P037047,26.03,26.934,52.964,299.755,83.903,436.622,352.72,436.622,264.03,0,264.03,-88.69,-25.14%,FALSE,FALSE,Transportation,Transportation,Roads and highways,Latin America and Caribbean,Peru,Closed,12/5/95,2/28/96,12/5/95,12/31/99,12/31/00,123.9,154.4,30.5,2000,B,N,Other,1995,1.765668171,1995,506.81,441.8231465,894.8582858
P038121,10.4,18.8,29.2,383.9,31.1,444.2,413.10,444.2,317.27,178.44,495.71,82.61,20.00%,TRUE,TRUE,Energy,Energy and Extractives,Renewable energy,East Asia and Pacific,China,Closed,6/8/99,12/12/01,6/8/99,6/30/07,6/30/07,245.3,245.3,0,2007,B,Y,Other,1999,1.755583329,1999,1356,779.8301149,2380.570995
P038334,,,0,221.6,45.3,266.8,221.60,266.9,225.1,0,225.1,3.50,1.58%,TRUE,FALSE,Energy,Energy and Extractives,Power,South Asia,India,Closed,1/18/01,3/12/01,1/18/01,6/30/05,6/30/06,135.3,165.8,30.5,2006,B,N,Other,2001,1.641546183,2001,1100.36,369.8403551,1806.291758
P040513,43.3,91,134.3,446.4,24.9,605.6,580.70,605.6,621.32,0,621.32,40.62,7.00%,TRUE,TRUE,Transportation,Transportation,Roads and highways,East Asia and Pacific,China,Closed,5/30/96,12/11/96,5/30/96,12/31/02,12/31/04,200.5,261.4,60.9,2004,A,N,IBRD,1996,1.725219827,1996,1772.72,1044.965649,3058.331692
P041268,71.5,117.4,188.9,759.5,3.5,952,948.40,951.9,890.8,0,890.8,-57.60,-6.07%,TRUE,FALSE,Transportation,Transportation,Roads and highways,East Asia and Pacific,China,Closed,6/17/99,12/13/99,6/17/99,6/30/05,12/31/06,183.8,229.5,45.7,2006,A,N,IBRD,1999,1.755583329,1999,2906.45,1671.490888,5102.515168
P041396,49.83,11.65,61.48,506.32,0,567.8,567.80,567.8,543.6,0,543.6,-24.20,-4.26%,FALSE,FALSE,Energy,Energy and Extractives,Renewable Energy Biomass,"Middle East, North Africa, Afghanistan, and Pakistan",Morocco,Closed,4/19/07,4/20/07,4/19/07,12/31/12,12/31/12,173.6,173.6,0,2012,B,N,Other,2007,1.275825001,2007,1248.26,724.4134354,1592.561315
P041410,18.759,25.52,44.279,166.54,0,210.819,210.82,210.819,193.9,0,193.9,-16.92,-8.03%,TRUE,FALSE,Water,"Agriculture, Fishing and Forestry",Irrigation and Drainage,"Middle East, North Africa, Afghanistan, and Pakistan","Egypt, Arab Republic of",Closed,8/6/98,6/29/00,8/6/98,2/28/05,8/31/07,199.8,276,76.2,2007,B,N,Other,1998,1.770279815,1998,1013.23,446.8186252,1793.700616
P041528,21.08,15.11,36.19,212.24,0,248.43,248.43,248.43,254.61,0,254.61,6.18,2.49%,TRUE,TRUE,Water,"Water, Sanitation and Waste Management",Sanitation,Western and Central Africa,Senegal,Closed,3/6/01,11/7/01,3/6/01,12/31/07,6/30/09,207.6,253.2,45.6,2009,A,N,Other,2001,1.641546183,2001,796.84,407.8093183,1308.049661
P042268,21.3,36.3,57.6,213.1,76.3,347,270.70,347,227.28,0,227.28,-43.42,-16.04%,FALSE,FALSE,Energy,Energy and Extractives,Power,East Asia and Pacific,Thailand,Closed,7/16/96,3/25/97,7/16/96,12/31/00,12/31/04,135.8,257.5,121.7,2004,B,N,IBRD,1996,1.725219827,1996,779.07,560.6964438,1344.067011
P043195,14.9,19.1,34,230.6,0,264,264.60,264.6,313.93,54.5,368.43,103.83,39.24%,TRUE,TRUE,Transportation,Transportation,Rural and Inter-Urban Roads,Europe and Central Asia,Croatia,Closed,7/8/03,10/10/03,7/8/03,9/30/09,9/30/12,189.7,281,91.3,2012,A,N,IBRD,2003,1.594800494,2003,536.02,511.2930384,854.8449608
P043311,2.238,2.417,4.655,119.645,9.1,133.4,124.30,133.4,168.1,104.2,272.3,148.00,119.07%,TRUE,TRUE,Energy,Energy and Extractives,Renewable Energy Hydro,South Asia,Nepal,Closed,5/22/03,3/25/04,5/22/03,6/30/09,12/31/13,185.9,323,137.1,2013,A,N,IDA,2003,1.594800494,2003,786.65,212.7463859,1254.549809
P043725,32,48,80,437,97,614,517.00,614,377,0,377,-140.00,-27.08%,TRUE,FALSE,Transportation,Transportation,Railways,"Middle East, North Africa, Afghanistan, and Pakistan",Morocco,Closed,12/19/96,7/22/97,12/19/96,12/31/02,11/30/04,183.6,241.9,58.3,2004,B,N,Other,1996,1.725219827,1996,1369.69,1181.775581,2363.016345
P043933,26,26.5,52.5,273.3,20.9,346.7,325.80,346.7,179.1,0,179.1,-146.70,-45.03%,TRUE,FALSE,Water,"Water, Sanitation and Waste Management",Waste Management,East Asia and Pacific,China,Closed,6/17/99,6/8/01,6/17/99,6/30/06,1/31/07,214.2,232.1,17.9,2007,A,N,IBRD,1999,1.755583329,1999,667.92,384.1216325,1172.589217
P044485,83.6,135,218.6,1239.9,439.5,1898,1458.50,1898,1345.3,0,1345.3,-113.20,-7.76%,TRUE,TRUE,Energy,Energy and Extractives,Power,East Asia and Pacific,China,Closed,6/24/97,2/4/99,6/24/97,1/31/06,12/31/06,261.9,289.8,27.9,2006,A,N,IBRD,1997,1.726346538,1997,5542.33,3276.605729,9567.982208
P044601,5.49,3.57,9.06,140.94,1,151,150.00,151,137.43,0,137.43,-12.57,-8.38%,FALSE,FALSE,Transportation,Transportation,Roads and highways,Latin America and Caribbean,Peru,Closed,6/19/01,12/20/01,6/19/01,6/30/05,11/30/06,122.7,165.8,43.1,2006,B,N,IBRD,2001,1.641546183,2001,398.04,247.8734737,653.4010428
P044613,14.5,14.66,29.16,157.29,0,186.44,186.45,186.45,195.53,0,195.53,9.08,4.87%,TRUE,FALSE,Transportation,Transportation,Rural and Inter-Urban Roads,Eastern and Southern Africa,Ethiopia,Closed,6/17/03,11/14/03,6/17/03,6/30/09,12/31/09,183.8,199.1,15.3,2009,A,N,Other,2003,1.594800494,2003,786.69,297.3346041,1254.613601
P045483,16.71,5.34,22.05,147.68,22.19,169.74,169.73,169.73,159,0,159,-10.73,-6.32%,TRUE,TRUE,Energy,Energy and Extractives,Power,Europe and Central Asia,Bosnia and Herzegovina,Closed,5/19/98,7/11/97,5/19/98,6/30/00,12/1/01,64.4,107.7,43.3,2001,B,N,Other,1998,1.770279815,1998,482.63,300.4872957,854.3901469
P045628,12.7,13.8,26.5,272.1,20.4,319,298.60,319,268.46,0,268.46,-30.14,-10.09%,TRUE,TRUE,Energy,Energy and Extractives,Power,East Asia and Pacific,Viet Nam,Closed,1/20/98,2/12/99,1/20/98,6/30/02,6/30/07,135.2,287.3,152.1,2007,B,N,Other,1998,1.770279815,1998,2148.87,756.1396172,3804.101185
P045910,22.1,27.4,49.5,221.3,22.5,293.3,270.80,293.3,290.4,0,290.4,19.60,7.24%,TRUE,TRUE,Water,"Water, Sanitation and Waste Management",Water Supply,East Asia and Pacific,China,Closed,6/27/00,1/31/01,6/27/00,6/30/07,6/30/08,213.3,243.8,30.5,2008,B,N,IBRD,2000,1.659477569,2000,896.83,486.7247709,1488.269268
P047345,20.24,12.58,32.82,174.64,19.43,226.89,207.46,226.89,200.23,0,200.23,-7.23,-3.49%,TRUE,TRUE,Water,"Water, Sanitation and Waste Management",Sewerage,East Asia and Pacific,China,Closed,3/22/01,2/20/02,3/22/01,6/30/05,6/30/08,130.1,221.4,91.3,2008,B,N,Other,2001,1.641546183,2001,634.49,340.5551712,1041.544638
P048852,41.15,44.69,85.84,416.35,0,502.19,502.19,502.19,1118.5,0,1118.5,616.31,122.72%,FALSE,TRUE,Energy,Energy and Extractives,Power,Europe and Central Asia,Turkey,Closed,6/11/98,9/17/98,6/11/98,12/31/05,12/31/07,230,290.8,60.8,2007,B,N,IBRD,1998,1.770279815,1998,1016,889.0345229,1798.604292
P049436,39,44.5,83.5,423.3,29.1,535.9,506.80,535.9,450.41,0,450.41,-56.39,-11.13%,TRUE,TRUE,Water,"Water, Sanitation and Waste Management",Waste Management,East Asia and Pacific,China,Closed,6/15/00,4/25/01,6/15/00,12/31/06,3/31/09,199.2,267.6,68.4,2009,A,N,IBRD,2000,1.659477569,2000,1638.63,889.314029,2719.269728
P049621,0,3.53,3.53,58.6,0.2,62.33,62.13,62.33,57.1,0,57.1,-5.03,-8.10%,TRUE,FALSE,Water,"Water, Sanitation and Waste Management",Water Supply,Europe and Central Asia,Uzbekistan,Closed,3/19/02,1/17/03,3/19/02,6/30/07,6/30/10,160.8,252.1,91.3,2010,B,N,IDA,2002,1.680044375,2002,444.85,104.7171659,747.3677401
P049770,,,12.1,287.9,0,300,300.00,300,257.37,7,264.37,-35.63,-11.88%,TRUE,FALSE,Energy,Energy and Extractives,Power,South Asia,India,Closed,6/27/00,1/31/01,6/27/00,3/31/06,3/31/08,175.3,236.2,60.9,2008,B,N,Other,2000,1.659477569,2000,1416.73,497.8432706,2351.031656
P050036,32.6,54.8,87.4,366.5,0,453.9,453.90,453.9,506.7,0,506.7,52.80,11.63%,TRUE,TRUE,Transportation,Transportation,Roads and highways,East Asia and Pacific,China,Closed,12/15/98,5/28/99,12/15/98,8/31/04,8/31/05,173.8,204.3,30.5,2005,A,N,IBRD,1998,1.770279815,1998,1349.72,803.5300078,2389.382071
P050530,5.2,2.7,7.9,52.1,0,60,60.00,60,55.4,0,55.4,-4.60,-7.67%,TRUE,TRUE,Energy,Energy and Extractives,Power,"Middle East, North Africa, Afghanistan, and Pakistan","Yemen, Republic of",Closed,9/24/98,1/14/99,9/24/98,6/30/03,4/30/05,145,200.8,55.8,2005,A,N,IDA,1998,1.770279815,1998,427.56,106.2167889,756.9008375
P050567,0,0.39,0.39,312.23,0,312.62,312.62,312.62,427.8,0,427.8,115.18,36.84%,TRUE,FALSE,Energy,Energy and Extractives,Renewable Energy Biomass,"Middle East, North Africa, Afghanistan, and Pakistan","Egypt, Arab Republic of",Closed,12/11/07,12/16/07,12/11/07,10/31/11,10/31/11,118.3,118.3,0,2011,B,N,Other,2007,1.275825001,2007,1617.08,417.9219955,2063.111092
P050649,25.73,28.08,53.81,392.71,3.48,450,446.52,450,505.03,57.1,562.13,115.61,25.89%,FALSE,TRUE,Transportation,Transportation,Rural and Inter-Urban Roads,South Asia,India,Closed,6/17/03,10/31/03,6/17/03,3/31/09,3/31/12,176.2,267.5,91.3,2012,A,N,IBRD,2003,1.594800494,2003,2035.62,717.6602223,3246.407782
P051705,43.91,74.58,118.49,475.08,2,595.57,593.57,595.57,616.59,0,616.59,23.02,3.88%,TRUE,TRUE,Transportation,Transportation,Roads and highways,East Asia and Pacific,China,Closed,6/24/99,11/17/99,6/24/99,6/30/05,6/30/07,183.2,244,60.8,2007,A,N,IBRD,1999,1.755583329,1999,1818.17,1045.625431,3191.948942
P051736,50.09,36.66,86.75,548,253.89,888.64,634.75,888.64,552.2,0,552.2,-82.55,-13.01%,FALSE,TRUE,Energy,Energy and Extractives,Power,East Asia and Pacific,China,Closed,3/26/98,7/29/99,3/26/98,9/30/04,3/31/06,198.3,243.9,45.6,2006,B,N,IBRD,1998,1.770279815,1998,2642.36,1573.070643,4677.716571
P051888,9.9,17.6,27.5,151.1,21.4,200,178.60,200,190.72,0,190.72,12.12,6.79%,FALSE,FALSE,Water,"Agriculture, Fishing and Forestry",Irrigation and Drainage,East Asia and Pacific,China,Closed,5/25/99,6/19/98,5/25/99,6/30/05,6/30/06,185.7,216.1,30.4,2006,B,N,IDA,1999,1.755583329,1999,628.85,361.6501658,1103.998577
P052037,0,22.55,22.55,177.4,0,199.95,199.95,199.95,316,90,406,206.05,103.05%,TRUE,FALSE,Water,"Water, Sanitation and Waste Management",Sanitation,East Asia and Pacific,Viet Nam,Closed,3/20/01,2/3/02,3/20/01,12/31/07,6/30/12,206.4,343.3,136.9,2012,A,N,IDA,2001,1.641546183,2001,1055.41,328.3092367,1732.504257
P052590,5,51,56,873,0,929,929.00,929,859.77,0,859.77,-69.23,-7.45%,TRUE,TRUE,Transportation,Transportation,Roads and highways,Latin America and Caribbean,Argentina,Closed,3/17/98,12/15/98,3/17/98,12/31/03,12/31/05,176.3,237.2,60.9,2005,B,N,IBRD,1998,1.770279815,1998,1337.8,1644.589948,2368.280336
P055120,,,8.63448,273.06552,0,281.7,281.70,281.7,340.7,59,399.7,118.00,41.89%,TRUE,TRUE,Transportation,Transportation,Rural and Inter-Urban Roads,Africa,Tanzania,Closed,5/27/10,12/1/10,5/27/10,6/30/15,6/20/17,155,215.1,60.1,2017,B,N,Other,2010,1.192431351,2010,957.25,406.2613613,1141.454911
P055230,8,3,11,109,0,120,120.00,120,118,0,118,-2.00,-1.67%,TRUE,FALSE,Transportation,Transportation,Roads and highways,Latin America and Caribbean,Bolivia,Closed,6/3/99,12/13/99,6/3/99,6/30/04,10/31/05,154.5,195.2,40.7,2005,B,N,IDA,1999,1.755583329,1999,399.43,210.6699995,701.2326492
P056199,16.41404,18.75626,35.1703,165.72996,19.32441,220.22467,200.90,220.22467,316,0,316,115.10,57.29%,TRUE,FALSE,Energy,Energy and Extractives,Power,East Asia and Pacific,China,Closed,6/21/01,4/4/02,6/21/01,12/31/07,12/31/07,198.7,198.7,0,2007,A,N,Other,2001,1.641546183,2001,611.55,328.2435748,1003.887568
P056200,3.13,3.43,6.56,42.98,0,49.54,49.54,49.54,49.64,0,49.64,0.10,0.20%,TRUE,TRUE,Transportation,Transportation,Roads and highways,East Asia and Pacific,Mongolia,Closed,3/22/01,8/29/01,3/22/01,12/31/05,12/31/07,145.4,206.3,60.9,2007,B,N,Other,2001,1.641546183,2001,367.34,81.32219792,603.005575
P056424,45.1,52.76,97.86,646.66,159.6,904.12,744.52,904.12,716.1,0,716.1,-28.42,-3.82%,TRUE,TRUE,Energy,Energy and Extractives,Power,East Asia and Pacific,China,Closed,12/22/99,3/20/01,12/22/99,12/31/07,12/31/07,244.3,244.3,0,2007,A,N,IBRD,1999,1.755583329,1999,2759.92,1587.222888,4845.269542
P056452,15.6,15.6,31.2,158.9,11.3,201.3,190.10,201.4,203.22,0,203.22,13.12,6.90%,FALSE,TRUE,Energy,Energy and Extractives,Power,East Asia and Pacific,Viet Nam,Closed,5/30/00,11/29/00,5/30/00,6/30/04,12/31/06,124.3,200.5,76.2,2006,B,N,Other,2000,1.659477569,2000,1027.04,334.4677039,1704.349842
P056596,22.4,21.8,44.2,223.6,18.4,286.2,267.80,286.2,268.8,0,268.8,1.00,0.37%,FALSE,FALSE,Transportation,Transportation,Roads and highways,East Asia and Pacific,China,Closed,3/27/01,1/23/02,3/27/01,12/31/06,12/31/08,175.4,236.3,60.9,2008,A,N,IBRD,2001,1.641546183,2001,875.3,469.8105177,1436.845374
P057602,8,3,11,109,0,120.00,120,120,170.6,0,170.6,50.60,42.17%,TRUE,FALSE,Water,"Water, Sanitation and Waste Management",Sanitation,"Middle East, North Africa, Afghanistan, and Pakistan","Yemen, Republic of",Closed,8/1/02,11/24/02,8/1/02,12/31/07,40543,164.8,256.2,91.4,2010,B,N,Other,2002,1.680044375,2002,809.11,252.0066562,1359.340704
P058521,13.54,9.088,22.628,208.505,0,231.133,231.13,231.133,165.51,0,165.51,-65.62,-28.39%,TRUE,FALSE,Energy,Energy and Extractives,Power,Europe and Central Asia,Bosnia and Herzegovina,Closed,6/26/01,1/16/02,6/26/01,3/31/05,5/31/08,114.5,210.9,96.4,2008,B,N,Other,2001,1.641546183,2001,717.28,379.4105694,1177.448246
P058843,39.3,16.5,55.8,466.91,44.11,566.82,522.71,566.82,602.38,0,602.38,79.67,15.24%,TRUE,TRUE,Transportation,Transportation,Roads and highways,East Asia and Pacific,China,Closed,3/28/00,2/8/01,3/28/00,6/30/06,6/30/07,190.4,220.8,30.4,2007,A,N,IBRD,2000,1.659477569,2000,1733.17,940.6250754,2876.156737
P058844,14.37,11.35,25.72,316.53,15.8,358.03,342.25,358.05,311.43,0,311.43,-30.82,-9.01%,FALSE,TRUE,Transportation,Transportation,Roads and highways,East Asia and Pacific,China,Closed,5/16/00,3/30/01,5/16/00,12/31/05,12/31/06,171.3,201.7,30.4,2006,A,N,Other,2000,1.659477569,2000,1099.34,596.6319702,1824.33007
P058845,40.54,28.59,69.13,464.55,2,535.68,533.68,535.68,371.2,0,371.2,-162.48,-30.45%,FALSE,TRUE,Transportation,Transportation,Roads and highways,East Asia and Pacific,China,Closed,6/5/01,3/18/02,6/5/01,12/31/06,12/31/06,169.6,169.6,0,2006,A,N,IBRD,2001,1.641546183,2001,1638.37,879.3762904,2689.46002
P058846,81.95,29.03,110.98,1109.84,81.42,1302.24,1220.82,1302.24,1333,0,1333,112.18,9.19%,FALSE,TRUE,Transportation,Transportation,Railways,East Asia and Pacific,China,Closed,1/29/02,4/30/02,1/29/02,12/31/06,12/31/07,149.8,180.2,30.4,2007,A,N,Other,2002,1.680044375,2002,3710.94,2020.25336,6234.543872
P058847,13.04,6.21,19.25,313.45,1.5,334.2,332.70,334.2,392.45,0,392.45,59.75,17.96%,FALSE,TRUE,Transportation,Transportation,Rural and Inter-Urban Roads,East Asia and Pacific,China,Closed,9/5/02,1/14/03,9/5/02,12/31/07,12/31/09,161.9,222.8,60.9,2009,A,N,Other,2002,1.680044375,2002,1031.35,561.47083,1732.713766
P059864,0.2,0.7,0.9,144.4,0,145.3,145.30,145.3,313.79,0,313.79,168.49,115.96%,FALSE,TRUE,Transportation,Transportation,Roads and highways,East Asia and Pacific,Viet Nam,Closed,12/16/99,5/24/00,12/16/99,6/30/06,6/30/06,199,199,0,2006,B,N,IDA,1999,1.755583329,1999,736.81,255.0862578,1293.531353
P061558,7.25,5.78,13.03,66.364,0,79.4,79.39,79.394,124.03,12.04,136.07,56.68,71.39%,TRUE,TRUE,Water,"Water, Sanitation and Waste Management",Sanitation,Western and Central Africa,Niger,Closed,5/3/01,9/12/01,5/3/01,12/31/06,7/31/10,172.3,281.3,109,2010,B,N,Other,2001,1.641546183,2001,312.85,130.338767,513.5577235
P065414,21.2,15.3,36.5,191.7,27.8,258.4,228.20,256,367.1,0,367.1,138.90,60.87%,TRUE,TRUE,Energy,Energy and Extractives,Power,Europe and Central Asia,Kazakhstan,Closed,12/21/99,5/31/00,12/21/99,6/30/05,6/15/09,168.2,288.7,120.5,2009,B,N,Other,1999,1.755583329,1999,1568.51,453.6427323,2753.650008
P065779,,,33.82,273,2.18,309,306.82,309,332.2,0,332.2,25.38,8.27%,FALSE,FALSE,Transportation,Transportation,Roads and highways,Latin America and Caribbean,Mexico,Closed,12/14/00,11/5/01,12/14/00,6/30/05,11/30/06,138.3,181.4,43.1,2006,B,N,IBRD,2000,1.659477569,2000,480.68,512.7785687,797.6776776
P066426,,,45.47,303.12,0,348.59,348.59,348.59,525.35,0,525.35,176.76,50.71%,TRUE,FALSE,Energy,Energy and Extractives,Renewable Energy Biomass,Latin America and Caribbean,Mexico,Closed,10/5/06,1/7/00,10/5/06,10/31/09,5/31/16,93.5,293.8,200.3,2016,B,N,Other,2006,1.337067182,2006,532.88,466.088249,712.4963599
P067606,15.44,32.46,47.9,562.06,4.88,614.84,609.96,614.84,515.85,0,515.85,-94.11,-15.43%,TRUE,FALSE,Transportation,Transportation,Rural and Inter-Urban Roads,South Asia,India,Closed,12/19/02,4/2/03,12/19/02,12/31/08,12/31/10,183.7,244.5,60.8,2010,A,N,IBRD,2002,1.680044375,2002,2984.19,1032.958483,5013.571622
P067828,5.03,0,5.03,219.35,4.45,228.82,224.38,228.83,278.09,107.12,385.21,160.83,71.68%,TRUE,FALSE,Energy,Energy and Extractives,Renewable Energy Wind,East Asia and Pacific,China,Closed,6/16/05,11/30/05,6/16/05,9/30/10,9/30/10,161,161,0,2010,B,N,IBRD,2005,1.399503293,2005,662.68,320.2343434,927.4228419
P068049,17.3,11.42,28.72,174.63,19.06,222.41,203.35,222.41,287.39,4.6,291.99,88.64,43.59%,FALSE,FALSE,Energy,Energy and Extractives,Power,East Asia and Pacific,China,Closed,4/22/02,10/27/06,6/25/02,12/31/08,12/31/11,198.4,289.7,91.3,2011,A,N,Other,2002,1.680044375,2002,799.65,435.3330984,1343.447484
P068752,20.75,5.93,26.68,227.3,8.68,262.66,253.98,262.66,337.37,0,337.37,83.39,32.83%,TRUE,TRUE,Transportation,Transportation,Rural and Inter-Urban Roads,East Asia and Pacific,China,Closed,2/15/05,7/21/05,2/15/05,6/30/10,6/30/10,163.4,163.4,0,2010,A,N,IBRD,2005,1.399503293,2005,760.68,367.5935348,1064.574165
P068968,8.06,11.41,19.47,264.53,0,284,284.00,284,451,0,451,167.00,58.80%,FALSE,FALSE,Transportation,Transportation,Rural and Inter-Urban Roads,Latin America and Caribbean,Bolivia,Closed,4/16/02,11/21/02,4/16/02,12/31/07,6/30/11,173.8,280.2,106.4,2011,B,N,Other,2002,1.680044375,2002,1123.86,477.1326024,1888.134671
P069126,,,17.001,113.34,,130.34,130.34,130.341,133.97,0,133.97,3.63,2.78%,TRUE,FALSE,Energy,Energy and Extractives,Non-Renewable Energy Generation,Western and Central Africa,Burkina Faso,Closed,11/30/04,4/23/01,11/30/04,7/31/10,7/31/12,172.4,233.3,60.9,2012,B,N,Other,2004,1.501836156,2004,348.27,195.7493246,523.0444782
P069258,18.53,8.15,26.68,173.51,0,200.19,200.19,200.19,618.18,403.13,1021.31,821.12,410.17%,FALSE,TRUE,Energy,Energy and Extractives,Energy Transmission and Distribution,Eastern and Southern Africa,"Congo, Democratic Republic of",Closed,11/11/03,5/17/04,11/11/03,12/31/07,9/30/16,125.9,392.3,266.4,2016,A,N,IDA,2003,1.594800494,2003,530.98,319.2631109,846.8071663
P069889,1.83,1.89,3.72,66.28,0,70,70.00,70,117.6,83,200.6,130.60,186.57%,TRUE,FALSE,Transportation,Transportation,Rural and Inter-Urban Roads,South Asia,India,Closed,3/14/02,6/3/02,3/14/02,12/31/07,12/31/10,176.5,267.8,91.3,2010,A,N,IDA,2002,1.680044375,2002,339.75,117.6031062,570.7950763
P069946,29.08,18.78,47.86,291.6,0,339.46,339.46,339.46,359.22,0,359.22,19.76,5.82%,TRUE,FALSE,Water,"Water, Sanitation and Waste Management",Sewerage,"Middle East, North Africa, Afghanistan, and Pakistan","Iran, Islamic Republic of",Closed,5/18/00,11/28/00,5/18/00,6/30/06,6/30/08,186.2,247.1,60.9,2008,A,N,IBRD,2000,1.659477569,2000,2059.43,566.6286158,3417.577889
P070421,17.16,43.26,60.42,382.98,3.6,447,443.40,447,538.38,0,538.38,94.98,21.42%,TRUE,FALSE,Transportation,Transportation,Roads and highways,South Asia,India,Closed,5/24/01,8/28/01,5/24/01,12/31/06,10/31/07,170.6,195.9,25.3,2007,A,N,IBRD,2001,1.641546183,2001,2183.14,733.771144,3583.725135
P070441,33.8,21.68,55.48,632.9,2.5,690.88,688.38,690.88,862.47,0,862.47,174.09,25.29%,FALSE,FALSE,Transportation,Transportation,Rural and Inter-Urban Roads,East Asia and Pacific,China,Closed,9/17/02,2/27/03,9/17/02,12/31/07,12/31/07,160.9,160.9,0,2007,A,N,IBRD,2002,1.680044375,2002,2132.13,1160.742658,3582.073012
P070459,19.46,16.49,35.95,213.84,18.94,268.73,249.79,268.73,258.04,0,258.04,8.25,3.30%,TRUE,TRUE,Transportation,Transportation,Rural and Inter-Urban Roads,East Asia and Pacific,China,Closed,6/6/02,11/18/02,6/6/02,3/31/08,3/31/08,177.1,177.1,0,2008,A,N,Other,2002,1.680044375,2002,829.31,451.4783248,1393.2776
P070519,22.62,30.04,52.66,271.8,0,324.46,324.46,324.46,525.8,0,525.8,201.34,62.05%,FALSE,FALSE,Transportation,Transportation,Urban Transport,East Asia and Pacific,China,Closed,12/15/05,2/16/07,12/15/05,6/30/11,5/31/13,168.6,227,58.4,2013,A,N,Other,2005,1.399503293,2005,940.38,454.4327141,1316.064906
P070628,,,24.38,260.87,0.75,286,285.25,286,325,233,558,272.75,95.62%,FALSE,TRUE,Transportation,Transportation,Rural and Inter-Urban Roads,Latin America and Caribbean,Argentina,Closed,6/7/05,9/15/06,6/7/05,6/30/12,6/30/17,215,367.2,152.2,2017,B,N,IBRD,2005,1.399503293,2005,1224.88,645.1710178,1714.223593
P071075,,,1.35,137.15,1.5,140,138.50,140,202.4,80,282.4,143.90,103.90%,TRUE,TRUE,Water,"Water, Sanitation and Waste Management",Water Supply,Western and Central Africa,Nigeria,Closed,6/15/04,12/14/04,6/15/04,9/30/10,9/30/13,191.5,282.8,91.3,2013,B,N,Other,2004,1.501836156,2004,493.02,210.2570619,740.4352618
P071170,14.021,25.925,39.946,158.333,2.064,200.343,198.28,200.343,101.53,0,101.53,-96.75,-48.79%,TRUE,FALSE,Water,"Agriculture, Fishing and Forestry",Irrigation and Drainage,"Middle East, North Africa, Afghanistan, and Pakistan","Iran, Islamic Republic of",Closed,5/26/05,2/17/06,5/26/05,10/31/12,10/31/12,226.3,226.3,0,2012,A,N,IBRD,2005,1.399503293,2005,854.3,280.3205095,1195.595663
P071244,29.85,40.83,70.68,679.43,5.89,756,750.11,756,719.58,0,719.58,-30.53,-4.07%,TRUE,FALSE,Transportation,Transportation,Roads and highways,South Asia,India,Closed,6/21/01,11/21/01,6/21/01,12/31/06,6/30/08,168.3,213.8,45.5,2008,A,N,IBRD,2001,1.641546183,2001,3692.29,1241.008915,6061.064557
P071391,,,20,188.5,2,210.5,208.50,210.5,391.3,120,511.3,302.80,145.23%,TRUE,TRUE,Water,"Water, Sanitation and Waste Management",Water Supply,Western and Central Africa,Nigeria,Closed,7/1/05,11/15/05,7/1/05,6/30/11,5/31/16,182.5,332.3,149.8,2016,B,N,IDA,2005,1.399503293,2005,936.93,438.8842325,1311.23662
P071591,,,19.98,104.18,25.95,150.12,124.16,150.11,126.59,67.92,194.51,70.35,56.66%,TRUE,TRUE,Energy,Energy and Extractives,Renewable energy,East Asia and Pacific,Cambodia,Closed,12/16/03,3/29/05,12/16/03,6/30/09,1/31/12,168.6,247.3,78.7,2012,A,Y,Other,2003,1.594800494,2003,620.32,239.4114502,989.2866425
P071794,0,0,0,298.31,0,298.31,298.31,298.31,758.85,917.82,1676.67,1378.36,462.06%,TRUE,TRUE,Energy,Energy and Extractives,Renewable Energy Biomass,South Asia,Bangladesh,Closed,6/25/02,12/31/02,6/25/02,6/30/08,12/31/12,183.1,320.2,137.1,2012,B,N,Other,2002,1.680044375,2002,697.14,333.1527995,1171.226135
P071985,,,49.55,330.31,1,380.86,379.86,380.86,389.86,395.86,785.72,405.86,106.84%,TRUE,TRUE,Transportation,Transportation,Urban Transport,Eastern and Southern Africa,Zambia,Closed,3/9/04,6/15/04,3/9/04,6/30/07,6/30/14,100.7,313.8,213.1,2014,B,N,Other,2004,1.501836156,2004,1435.57,572.0493919,2155.990931
P072018,7.65,5.97,13.62,96.08,3.65,113.35,109.70,113.35,122.36,0,122.36,12.66,11.54%,FALSE,FALSE,Energy,Energy and Extractives,Energy Transmission and Distribution,Western and Central Africa,Nigeria,Closed,7/31/01,5/31/02,7/31/01,12/31/06,12/31/08,164.9,225.8,60.9,2008,B,N,Other,2001,1.641546183,2001,445.83,164.1546183,731.8505349
P073763,,,9.3306,103.306003,0,112.636603,112.64,112.636603,96.79,120.63,217.42,104.78,93.03%,FALSE,FALSE,Water,"Water, Sanitation and Waste Management",Sanitation,East Asia and Pacific,Viet Nam,Closed,12/21/04,11/11/05,12/21/04,6/30/12,6/30/13,229,259.4,30.4,2013,B,N,IDA,2004,1.501836156,2004,666.21,202.7478811,1000.538266
P073776,13,28.57,41.57,276.23,2.4,320.2,317.80,320.2,340.55,0,340.55,22.75,7.16%,FALSE,FALSE,Transportation,Transportation,Rural and Inter-Urban Roads,South Asia,India,Closed,10/14/03,3/15/04,10/14/03,6/30/09,6/30/09,173.8,173.8,0,2009,A,N,Other,2003,1.594800494,2003,1448.45,510.6551182,2309.988776
P073977,21.138,19.038,40.176,259.824,0,299.99,300.00,300,249.91,0,249.91,-50.09,-16.70%,TRUE,FALSE,Water,"Agriculture, Fishing and Forestry",Irrigation and Drainage,"Middle East, North Africa, Afghanistan, and Pakistan","Egypt, Arab Republic of",Closed,5/3/05,5/2/06,5/12/05,3/31/14,3/31/16,270.4,331.3,60.9,2016,B,N,Other,2005,1.399503293,2005,1778.47,419.8369927,2488.974621
P074030,8.5,8.8,17.3,127.1,0,144.4,144.40,144.4,151.1,20,171.1,26.70,18.49%,TRUE,TRUE,Transportation,Transportation,Rural and Inter-Urban Roads,Western and Central Africa,Burkina Faso,Closed,4/8/03,8/15/03,4/8/03,9/30/08,3/31/13,166.8,303.8,137,2013,A,N,IDA,2003,1.594800494,2003,413.56,230.2891913,659.5456923
P074079,11.6,5.8,17.4,115.58,0,132.98,132.98,132.98,239.34,0,239.34,106.36,79.98%,TRUE,FALSE,Transportation,Transportation,Rural and Inter-Urban Roads,Eastern and Southern Africa,Uganda,Closed,9/2/04,6/23/05,9/2/04,12/31/09,10/31/11,162.2,217.9,55.7,2011,B,N,IDA,2004,1.501836156,2004,395.1,199.7442088,593.3754654
P074290,13.97,24.62,38.59,228.72,28.93,296.24,267.31,296.24,272.18,0,272.18,4.87,1.82%,TRUE,FALSE,Transportation,Transportation,Rural and Inter-Urban Roads,East Asia and Pacific,Indonesia,Closed,6/22/04,10/21/04,6/22/04,6/30/09,9/30/11,152.8,221.3,68.5,2011,B,N,IBRD,2004,1.501836156,2004,1466.39,435.3672834,2202.277521
P074688,14,14,28,253.21,48.29,329.5,281.21,329.5,557.07,574.85,1131.92,850.71,302.52%,FALSE,TRUE,Energy,Energy and Extractives,Energy Transmission and Distribution,East Asia and Pacific,Viet Nam,Closed,11/18/04,10/31/05,11/18/04,12/31/11,6/30/14,216.6,292.6,76,2014,B,N,IDA,2004,1.501836156,2004,1600.14,486.9703737,2403.148107
P075173,3.46,6.95,10.41,135.14,0.84,146.39,145.55,146.39,150.08,158.4,308.48,162.93,111.94%,TRUE,TRUE,Transportation,Transportation,Rural and Inter-Urban Roads,East Asia and Pacific,Thailand,Closed,12/9/03,3/15/04,12/9/03,6/30/08,6/30/13,138.8,290.9,152.1,2013,B,N,IBRD,2003,1.594800494,2003,550.26,233.4628443,877.5549199
P075407,10.11,13.31,23.42,149.85,0,173.27,173.27,173.27,308.08,107,415.08,241.81,139.56%,FALSE,TRUE,Transportation,Transportation,Rural and Inter-Urban Roads,East Asia and Pacific,Viet Nam,Closed,2/21/06,5/17/07,2/21/06,12/31/11,6/30/14,178.3,254.3,76,2014,B,N,Other,2006,1.337067182,2006,715.87,231.6736306,957.1662836
P075602,,,96.3,1573.9,85.3,1755.5,1670.20,1755.5,1847.5,0,1847.5,177.30,10.62%,TRUE,FALSE,Transportation,Transportation,Railways,East Asia and Pacific,China,Closed,6/24/04,1/16/05,6/24/04,1/31/08,1/31/08,109.7,109.7,0,2008,A,N,IBRD,2004,1.501836156,2004,5165.76,2636.473372,7758.125143
P075613,68.281,35.629,103.91,630.34,0.75,735,734.25,735,1217.3,0,1217.3,483.05,65.79%,TRUE,FALSE,Transportation,Transportation,Rural and Inter-Urban Roads,East Asia and Pacific,China,Closed,3/13/07,8/10/07,3/13/07,6/30/12,12/31/12,161.3,176.7,15.4,2012,A,N,Other,2007,1.275825001,2007,1863.96,937.7313755,2378.086768
P075728,35.3,15.5,50.8,381.1,0,431.9,431.90,431.9,576.37,437.35,1013.72,581.82,134.71%,TRUE,FALSE,Water,"Water, Sanitation and Waste Management",Sanitation,East Asia and Pacific,China,Closed,6/8/04,11/30/04,6/8/04,12/31/09,12/31/11,169.3,230.2,60.9,2011,A,N,IBRD,2004,1.501836156,2004,1301.75,664.3822788,1955.015216
P075994,4.89,,4.89,76.21,2.4,83.5,81.10,83.5,164.78,0,164.78,83.68,103.18%,TRUE,FALSE,Energy,Energy and Extractives,Energy Transmission and Distribution,Western and Central Africa,Ghana,Closed,6/30/05,11/1/05,6/30/05,6/30/09,6/30/13,121.8,243.5,121.7,2013,B,N,Other,2005,1.399503293,2005,440.74,221.8212719,616.8170811
P076702,0,0,0,231.9,0,231.9,231.90,231.9,253.91,145.5,399.41,167.51,72.23%,TRUE,FALSE,Energy,Energy and Extractives,Renewable Energy Biomass,South Asia,Sri Lanka,Closed,6/20/02,10/7/02,6/20/02,6/30/08,12/31/11,183.5,290.1,106.6,2011,B,N,Other,2002,1.680044375,2002,1061.75,389.6022905,1783.787115
P077752,17.18,14.6,31.78,238.55,10.78,281.11,270.33,281.11,239.55,206.5,446.05,175.72,65.00%,TRUE,TRUE,Water,"Water, Sanitation and Waste Management",Sanitation,East Asia and Pacific,China,Closed,2/27/07,6/7/07,2/27/07,12/31/13,12/31/13,208.3,208.3,0,2013,A,N,IBRD,2007,1.275825001,2007,712.89,358.647166,909.5228848
P077856,35.16,51.77,86.93,715.94,3.1,805.97,802.87,805.97,805.97,0,805.97,3.10,0.39%,TRUE,TRUE,Transportation,Transportation,Rural and Inter-Urban Roads,South Asia,India,Closed,12/21/04,12/28/05,12/21/04,6/30/10,6/30/12,168.1,229,60.9,2012,A,N,IBRD,2004,1.501836156,2004,3462.51,1210.434887,5200.12271
P077977,11.13,25.73,36.86,648.06,1,685.92,684.92,685.92,311.72,0,311.72,-373.20,-54.49%,TRUE,FALSE,Transportation,Transportation,Rural and Inter-Urban Roads,South Asia,India,Closed,9/23/04,3/16/05,9/23/04,3/31/10,3/31/12,167.9,228.8,60.9,2012,A,N,IBRD,2004,1.501836156,2004,1333.37,466.1248878,2002.503276
P079906,,,13.478571,270.746429,2.57,286.795,284.23,286.795,226.2,0,226.2,-58.03,-20.42%,TRUE,FALSE,Transportation,Transportation,Urban Transport,East Asia and Pacific,Indonesia,Closed,7/6/06,11/1/07,7/6/06,12/31/11,6/30/14,167,243,76,2014,A,N,IBRD,2006,1.337067182,2006,1211.63,383.4708678,1620.03071
P081348,,,39.47,263.15,33.08,335.7,302.62,335.7,244.52,0,244.52,-58.10,-19.20%,TRUE,FALSE,Water,"Water, Sanitation and Waste Management",Sanitation,East Asia and Pacific,China,Closed,6/27/06,12/18/06,6/27/06,6/30/13,6/30/13,213.3,213.3,0,2013,B,N,IBRD,2006,1.337067182,2006,937.5,448.853453,1253.500483
P081749,33.43,21.99,55.42,471.94,2,529.36,527.36,529.36,726.36,0,726.36,199.00,37.74%,FALSE,FALSE,Transportation,Transportation,Rural and Inter-Urban Roads,East Asia and Pacific,China,Closed,6/24/04,12/30/04,6/24/04,6/30/09,12/31/09,152.7,168,15.3,2009,A,N,Other,2004,1.501836156,2004,1576.95,804.8339962,2368.320527
P081880,,,40.01,266.7,1.4,308.1,306.71,308.11,394.94,262.55,657.49,350.78,114.37%,FALSE,TRUE,Water,"Water, Sanitation and Waste Management",Sanitation,Europe and Central Asia,Turkey,Closed,6/23/05,5/18/06,6/23/05,6/30/10,11/30/16,152.8,348.2,195.4,2016,F,N,IBRD,2005,1.399503293,2005,664.6,577.7569442,930.1098882
P082466,25.4,41.7,67.1,394.4,2.5,464,461.50,464,1940.7,914,2854.7,2393.20,518.57%,TRUE,FALSE,Transportation,Transportation,Urban Transport,Latin America and Caribbean,Colombia,Closed,6/10/04,1/20/05,6/10/04,3/31/09,12/31/12,146.3,260.5,114.2,2012,B,N,Other,2004,1.501836156,2004,1911.83,1023.200973,2871.255419
P082806,15.17,7.01,22.18,820.31,0,842.49,842.49,842.49,169.39,17.7,187.09,-655.40,-77.79%,TRUE,FALSE,Transportation,Transportation,Rural and Inter-Urban Roads,Eastern and Southern Africa,Madagascar,Closed,12/8/03,3/10/04,12/8/03,6/30/08,6/30/12,138.8,260.6,121.8,2012,A,N,Other,2003,1.594800494,2003,518.48,239.2200741,826.8721602
P082914,38.6,-4,34.6,539.3,3.3,577.2,573.90,577.2,648.58,67.3,715.88,141.98,24.74%,TRUE,FALSE,Transportation,Transportation,Aviation,"Middle East, North Africa, Afghanistan, and Pakistan","Egypt, Arab Republic of",Closed,3/30/04,8/24/04,3/30/04,6/30/09,6/30/09,159.8,159.8,0,2009,A,N,Other,2004,1.501836156,2004,3614.36,866.8598294,5428.17653
P082998,20.6,20.18,40.78,215.12,0,255.9,255.90,255.9,603.23,403.04,1006.27,750.37,293.23%,TRUE,TRUE,Transportation,Transportation,Rural and Inter-Urban Roads,Eastern and Southern Africa,Ethiopia,Closed,9/22/04,6/8/05,9/22/04,6/30/10,6/30/12,175.6,236.5,60.9,2012,A,N,IDA,2004,1.501836156,2004,1071.92,384.3198724,1609.848213
P083093,0,0,0,184,1,185,184.00,185,103,0,103,-81.00,-44.02%,FALSE,FALSE,Energy,Energy and Extractives,Renewable Energy Biomass,Europe and Central Asia,Poland,Closed,7/1/04,11/24/04,7/1/04,3/31/08,3/31/08,114.1,114.1,0,2008,B,N,IBRD,2004,1.501836156,2004,369.76,277.8396889,555.3189372
P083588,17.92,19.83,37.75,268.84,5.43,312.02,306.59,312.02,525.11,228,753.11,446.52,145.64%,TRUE,TRUE,Transportation,Transportation,Rural and Inter-Urban Roads,East Asia and Pacific,Viet Nam,Closed,5/22/07,4/1/08,5/22/07,12/30/13,6/30/16,201.2,277.3,76.1,2016,A,N,Other,2007,1.275825001,2007,1216.11,398.0829167,1551.543542
P084871,12.41,12.41,24.82,248.18,51.03,324.02,273.00,324.03,634.95,372.4,1007.35,734.35,268.99%,TRUE,TRUE,Energy,Energy and Extractives,Energy Transmission and Distribution,East Asia and Pacific,Viet Nam,Closed,7/28/05,5/31/06,7/28/05,12/31/10,6/30/14,165.2,271.6,106.4,2014,B,N,Other,2005,1.399503293,2005,1398,453.4670568,1956.505603
P086277,0.5,1.5,2,125.265,0.175,127.44,127.27,127.44,132.11,100,232.11,104.85,82.38%,FALSE,TRUE,Transportation,Transportation,Rural and Inter-Urban Roads,Europe and Central Asia,Georgia,Closed,6/24/04,10/21/04,6/24/04,10/31/09,6/30/12,162.9,244,81.1,2012,B,N,IBRD,2004,1.501836156,2004,445.96,191.3939998,669.7588523
P086411,8.66,12.32,20.98,123.14,0,144.12,144.12,144.12,327.86,417.23,745.09,600.97,416.99%,TRUE,TRUE,Transportation,Transportation,Rural and Inter-Urban Roads,South Asia,Sri Lanka,Closed,12/15/05,3/16/06,12/15/05,9/30/11,6/30/15,176.3,290.3,114,2015,B,N,IBRD,2005,1.399503293,2005,573.07,201.6964145,802.0133518
P086515,3.5,8,11.5,1108.7,44.4,1164.6,1120.20,1164.6,1640.1,0,1640.1,519.90,46.41%,TRUE,TRUE,Transportation,Transportation,Railways,East Asia and Pacific,China,Closed,1/23/07,5/16/07,1/23/07,6/30/12,6/30/13,165.4,195.8,30.4,2013,A,N,Other,2007,1.275825001,2007,2953.42,1485.825796,3768.047074
P088153,1.7,27.6,29.3,276.8,2,308.1,306.10,308.1,697.8,0,697.8,391.70,127.96%,TRUE,TRUE,Transportation,Transportation,Rural and Inter-Urban Roads,Latin America and Caribbean,Argentina,Closed,6/29/04,4/26/05,6/29/04,12/31/08,8/31/10,137.2,187.8,50.6,2010,B,N,Other,2004,1.501836156,2004,880.11,462.7157198,1321.78102
P089659,,,82.082,660.989,55.509,798.58,743.07,798.58,891.5,0,891.5,148.43,19.98%,FALSE,FALSE,Energy,Energy and Extractives,Renewable Energy Hydro,Eastern and Southern Africa,Uganda,Closed,4/26/07,,4/26/07,6/30/12,8/1/12,157.7,160.3,2.6,2012,Not Available,N,IDA,2007,1.275825001,2007,2206.8,1018.848329,2815.490612
P090666,21.59,13.56,35.15,251.42,0,286.57,286.57,286.57,319.74,0,319.74,33.17,11.57%,TRUE,TRUE,Energy,Energy and Extractives,Renewable Energy Hydro,Europe and Central Asia,Bosnia and Herzegovina,Closed,6/16/06,4/13/07,6/16/06,12/31/10,6/30/12,138.3,183.8,45.5,2012,B,N,IDA,2006,1.337067182,2006,621.86,383.1633423,831.4685978
P091020,94.54,49.472,144.012,1345.988,0,1490,1490.00,1490,2395.86,0,2395.86,905.86,60.80%,FALSE,TRUE,Transportation,Transportation,Rural and Inter-Urban Roads,East Asia and Pacific,China,Closed,10/12/06,11/28/07,10/12/06,6/30/12,6/30/15,174,265.3,91.3,2015,A,N,Other,2006,1.337067182,2006,4161.06,1992.230101,5563.616768
P091077,31.58,39.29,70.87,315.81,0,386.68,386.68,386.68,412.64,0,412.64,25.96,6.71%,TRUE,FALSE,Transportation,Transportation,Rural and Inter-Urban Roads,Eastern and Southern Africa,Ethiopia,Closed,5/31/07,8/21/07,5/31/07,6/30/15,6/30/15,246,246,0,2015,A,N,Other,2007,1.275825001,2007,1196.87,470.1287545,1526.996669
P093812,,,29.35,195.65,0,225,225.00,225,175.1,0,175.1,-49.90,-22.18%,TRUE,FALSE,Transportation,Transportation,Rural and Inter-Urban Roads,Europe and Central Asia,Romania,Closed,11/2/06,7/25/07,11/1/06,12/31/08,12/31/09,65.9,96.3,30.4,2009,B,N,IBRD,2006,1.337067182,2006,451.62,300.840116,603.8462807
P093906,70.06,13.67,83.73,627.16,0.5,711.39,710.89,711.39,736.99,0,736.99,26.10,3.67%,FALSE,TRUE,Transportation,Transportation,Rural and Inter-Urban Roads,East Asia and Pacific,China,Closed,6/27/06,2/8/07,6/27/06,12/31/10,12/31/10,137.3,137.3,0,2010,A,N,IBRD,2006,1.337067182,2006,1986.67,951.1762226,2656.311258
P094007,,,85.31,568.7,0,654,654.01,654.01,820.56,786.55,1607.11,953.10,145.73%,FALSE,TRUE,Transportation,Transportation,Rural and Inter-Urban Roads,"Middle East, North Africa, Afghanistan, and Pakistan",Morocco,Closed,5/2/06,12/4/06,5/2/06,6/30/12,6/30/17,187.6,339.8,152.2,2017,B,N,IBRD,2006,1.337067182,2006,1972.78,1112.53349,2637.739395
P094306,,,39.13,260.87,0,300,300.00,300,300,0,300,0.00,0.00%,FALSE,FALSE,Energy,Energy and Extractives,Non-Renewable Energy Generation,"Middle East, North Africa, Afghanistan, and Pakistan",Jordan,Closed,3/13/07,,3/13/07,6/1/11,8/27/09,128.4,74.8,-53.6,2009,Not Available,N,Other,2007,1.275825001,2007,1007.38,382.7475002,1285.240589
P095114,43,75,118,479,74,670,597.00,671,697.5,677,1374.5,777.50,130.23%,FALSE,FALSE,Energy,Energy and Extractives,Renewable Energy Hydro,South Asia,India,Closed,9/13/07,4/14/08,9/13/07,3/31/13,12/31/14,168.8,222.2,53.4,2014,A,N,IBRD,2007,1.275825001,2007,2300.06,854.8027505,2934.474051
P095155,5.223,4.074,9.297,130.564,20.979,160.839,139.86,160.84,142.48,0,142.48,2.62,1.87%,FALSE,FALSE,Energy,Energy and Extractives,Energy Transmission and Distribution,Europe and Central Asia,Kazakhstan,Closed,10/27/05,12/22/05,10/27/05,12/31/09,11/30/11,127.2,185.4,58.2,2011,B,N,IBRD,2005,1.399503293,2005,594.65,225.0961096,832.2146329
P095569,0,0,0,400,0,400,400.00,400,1352.71,0,1352.71,952.71,238.18%,TRUE,FALSE,Transportation,Transportation,Rural and Inter-Urban Roads,Latin America and Caribbean,Argentina,Closed,6/28/07,11/24/08,6/28/07,12/31/11,9/30/13,137.3,190.5,53.2,2013,B,N,IBRD,2007,1.275825001,2007,3052.48,1700.534385,3894.430298
P095982,,,57.39,382.61,24,464,440.00,464,159.67,0,159.67,-280.33,-63.71%,FALSE,FALSE,Energy,Energy and Extractives,Energy Transmission and Distribution,"Middle East, North Africa, Afghanistan, and Pakistan",Pakistan,Closed,6/17/08,12/5/08,6/17/08,6/30/12,2/28/14,122.8,173.5,50.7,2014,B,N,IBRD,2008,1.161875003,2008,1080.64,360.0185884,1255.568603
P096019,17.58,26.74,44.32,257.56,1.55,303.43,301.88,303.43,365.21,97.2,462.41,160.53,53.18%,TRUE,TRUE,Transportation,Transportation,Rural and Inter-Urban Roads,South Asia,India,Closed,6/5/07,10/5/07,6/5/07,6/30/13,6/30/17,184.8,306.5,121.7,2017,A,N,Other,2007,1.275825001,2007,1253.46,465.8419825,1599.195605
P096021,26.67,80.02,106.69,538.36,0.8,645.86,645.05,645.85,373.34,0,373.34,-271.71,-42.12%,TRUE,FALSE,Transportation,Transportation,Urban Transport,South Asia,India,Closed,10/15/09,3/23/10,10/15/09,6/30/15,6/30/19,173.7,295.4,121.7,2019,A,N,Other,2009,1.273980346,2009,2292.51,822.812946,2920.612682
P096023,12.4,26.5,38.9,282.9,0.63,322.5,321.80,322.43,134.3,0,134.3,-187.50,-58.27%,TRUE,FALSE,Transportation,Transportation,Rural and Inter-Urban Roads,South Asia,India,Closed,9/30/08,4/15/09,9/30/08,12/31/14,6/30/16,190.3,235.8,45.5,2016,A,N,IBRD,2008,1.161875003,2008,1180.23,374.5885009,1371.279735
P096207,11.2,12,23.2,190.3,24.5,238,213.50,238,234.56,0,234.56,21.06,9.86%,FALSE,TRUE,Energy,Energy and Extractives,Energy Transmission and Distribution,Europe and Central Asia,Ukraine,Closed,8/2/07,12/5/08,8/2/07,6/30/12,6/30/16,149.5,271.3,121.8,2016,B,N,Other,2007,1.275825001,2007,670.28,303.6463502,855.1599815
P096213,0,21.63,21.63,288.37,0,310,310.00,310,207.68,0,207.68,-102.32,-33.01%,TRUE,TRUE,Water,"Water, Sanitation and Waste Management",Sanitation,Europe and Central Asia,Azerbaijan,Closed,6/14/07,3/10/08,6/14/07,1/31/12,12/31/16,141,290.7,149.7,2016,A,N,Other,2007,1.275825001,2007,715.08,293.4397502,912.3169415
P096801,18.34,18.34,36.68,231.87,0,268.55,268.55,268.55,180.9,0,180.9,-87.65,-32.64%,TRUE,FALSE,Energy,Energy and Extractives,Energy Transmission and Distribution,Europe and Central Asia,Turkey,Closed,4/19/07,3/21/08,4/19/07,12/31/12,12/31/12,173.6,173.6,0,2012,B,N,Other,2007,1.275825001,2007,523.4,436.2045678,667.7668054
P096920,,,25.6,521.695,26.385,573.68,547.30,573.68,496.57,0,496.57,-50.73,-9.27%,FALSE,FALSE,Transportation,Transportation,Rural and Inter-Urban Roads,East Asia and Pacific,China,Closed,5/13/10,10/27/10,5/13/10,6/30/15,6/30/15,156.2,156.2,0,2015,A,N,IBRD,2010,1.192431351,2010,1166.28,684.0740174,1390.708836
P096923,31.33,0,31.33,566.76,33.05,631.14,598.09,631.14,565.47,0,565.47,-32.62,-5.45%,TRUE,TRUE,Water,"Water, Sanitation and Waste Management",Sanitation,East Asia and Pacific,China,Closed,6/25/09,12/3/09,6/25/09,6/30/15,6/30/17,183,243.9,60.9,2017,A,N,IBRD,2009,1.273980346,2009,1367.76,804.0599553,1742.499357
P096926,17.6,43.4,61,353.8,17,431.8,414.80,431.8,374.8,0,374.8,-40.00,-9.64%,TRUE,TRUE,Water,"Water, Sanitation and Waste Management",Sanitation,East Asia and Pacific,China,Closed,6/2/09,9/28/09,6/2/09,12/31/14,12/31/15,169.8,200.3,30.5,2015,B,N,Other,2009,1.273980346,2009,935.76,550.1047132,1192.139848
P097271,,,23.595,152.229,8.385,184.208,175.82,184.209,145.91,0,145.91,-29.91,-17.01%,TRUE,TRUE,Energy,Energy and Extractives,Energy Transmission and Distribution,Eastern and Southern Africa,Ethiopia,Closed,6/22/06,1/19/07,6/22/06,12/31/09,12/31/12,107.3,198.7,91.4,2012,B,N,IDA,2006,1.337067182,2006,674.07,246.3011456,901.2768754
P099062,,,223.95,4678.3,1206.85,6109.1,4902.25,6109.1,5197.29,0,5197.29,295.04,6.02%,FALSE,TRUE,Transportation,Transportation,Railways,East Asia and Pacific,China,Closed,6/24/08,11/18/08,6/24/08,12/31/13,11/30/15,168,226.3,58.3,2015,A,N,Other,2008,1.161875003,2008,13624.61,7231.626205,15830.09378
P099112,,,53.293,356.207,0.5,410,409.50,410,451.43,0,451.43,41.93,10.24%,TRUE,FALSE,Transportation,Transportation,Rural and Inter-Urban Roads,East Asia and Pacific,China,Closed,4/22/08,11/6/08,4/22/08,6/30/12,6/30/12,127.5,127.5,0,2012,A,N,IBRD,2008,1.161875003,2008,897.49,476.3687511,1042.771196
P099211,8.56,15.86,24.42,170.29,12.43,207.14,194.71,207.14,218.6,0,218.6,23.89,12.27%,TRUE,TRUE,Energy,Energy and Extractives,Energy Transmission and Distribution,East Asia and Pacific,Viet Nam,Closed,5/22/08,11/4/08,5/22/08,6/30/13,6/30/13,155.4,155.4,0,2013,B,N,Other,2008,1.161875003,2008,679.01,240.6707881,788.9247456
P099992,,,39.07,485.8,0.55,525.42,524.87,525.42,397.44,0,397.44,-127.43,-24.28%,TRUE,FALSE,Transportation,Transportation,Urban Transport,East Asia and Pacific,China,Closed,6/27/06,1/5/07,6/27/06,12/31/11,10/31/13,167.8,223.6,55.8,2013,A,N,Other,2006,1.337067182,2006,1467.35,702.5352094,1961.94553
P100047,33.9,16.3,50.2,2139.6,0,2189.8,2189.80,2189.8,488.42,0,488.42,-1701.38,-77.70%,FALSE,TRUE,Energy,Energy and Extractives,Non-Renewable Energy Generation,"Middle East, North Africa, Afghanistan, and Pakistan","Egypt, Arab Republic of",Closed,1/29/09,8/13/09,1/29/09,12/31/15,12/31/18,210.6,301.9,91.3,2018,A,N,Other,2009,1.273980346,2009,7534.42,2451.138185,9598.702995
P100580,30.77,61.54,92.31,307.69,100,500,400.00,500,379.3,0,379.3,-20.70,-5.18%,TRUE,FALSE,Transportation,Transportation,Rural and Inter-Urban Roads,Europe and Central Asia,Ukraine,Closed,4/7/09,9/3/09,4/7/09,12/31/12,11/30/14,113.7,171.9,58.2,2014,B,N,Other,2009,1.273980346,2009,1533.25,636.9901728,1953.330365
P100968,3.6,5.4,9,180.3,15,204.3,189.30,204.3,215.6,0,215.6,26.30,13.89%,TRUE,FALSE,Energy,Energy and Extractives,Non-Renewable Energy Generation,East Asia and Pacific,China,Closed,5/19/09,9/18/09,5/19/09,12/31/14,6/30/17,171,247,76,2017,A,N,IBRD,2009,1.273980346,2009,442.74,260.2741846,564.0420582
P101201,,,21.6,413.7,0.7,436,435.30,436,412.7,0,412.7,-22.60,-5.19%,FALSE,FALSE,Transportation,Transportation,Aviation,"Middle East, North Africa, Afghanistan, and Pakistan","Egypt, Arab Republic of",Closed,2/23/10,8/12/10,2/23/10,11/30/15,11/30/16,175.5,206,30.5,2016,B,N,Other,2010,1.192431351,2010,1569.51,519.900069,1871.53293
P101258,111.73,45.91,157.64,1781,255.38,2194.01,1938.64,2194.02,2827.66,0,2827.66,889.02,45.86%,FALSE,FALSE,Transportation,Transportation,Rural and Inter-Urban Roads,East Asia and Pacific,China,Closed,3/31/09,12/21/09,3/31/09,12/31/15,12/31/15,205.5,205.5,0,2015,A,N,IBRD,2009,1.273980346,2009,4754.69,2795.125618,6057.381609
P101473,,,6.93,112.07,0,119,119.00,119,209.18,150,359.18,240.18,201.83%,TRUE,TRUE,Water,"Water, Sanitation and Waste Management",Sanitation,Eastern and Southern Africa,Ethiopia,Closed,4/24/07,9/7/07,4/24/07,12/31/12,12/31/17,173.2,325.3,152.1,2017,B,N,Other,2007,1.275825001,2007,873.72,343.1969252,1114.71382
P101556,,,33.06,167.59,0,200.65,200.65,200.65,191.83,0,191.83,-8.82,-4.40%,FALSE,FALSE,Energy,Energy and Extractives,Renewable Energy Biomass,Eastern and Southern Africa,Ethiopia,Closed,7/3/07,3/31/08,7/3/07,12/31/11,12/31/14,136.8,228.2,91.4,2014,B,N,IDA,2007,1.275825001,2007,566.56,222.5421549,722.8314124
P101645,,,9.12,139.48,0,148.6,148.60,148.6,143.67,250.94,394.61,246.01,165.55%,TRUE,TRUE,Energy,Energy and Extractives,Renewable Energy Biomass,Eastern and Southern Africa,Tanzania,Closed,12/13/07,4/30/08,12/13/07,3/31/12,9/29/17,130.8,298.2,167.4,2017,Not Available,N,IDA,2007,1.275825001,2007,575.89,219.2888011,734.7348597
P101653,158,118,276,1572,266,2114,1848.00,2114,1300.72,2114,3414.72,1566.72,84.78%,FALSE,FALSE,Energy,Energy and Extractives,Energy Transmission and Distribution,South Asia,India,Closed,3/18/08,5/16/08,3/18/08,7/31/13,7/31/14,163.4,193.8,30.4,2014,A,N,IBRD,2008,1.161875003,2008,7738.83,2456.203756,8991.553128
P101988,,,12.99,290.61,15.4,319.01,303.60,319,344.05,0,344.05,40.45,13.32%,FALSE,FALSE,Energy,Energy and Extractives,Renewable Energy Hydro,East Asia and Pacific,China,Closed,9/25/08,1/15/09,9/25/08,6/30/14,6/30/14,175.3,175.3,0,2014,A,N,Other,2008,1.161875003,2008,698.29,370.6381259,811.3256957
P103037,,,94,1243,54,1391,1337.00,1391,395.43,1461.65,1857.08,520.08,38.90%,FALSE,FALSE,Energy,Energy and Extractives,Renewable Energy Biomass,Eastern and Southern Africa,Kenya,Closed,5/27/10,10/1/10,5/27/10,9/30/16,12/31/17,193.2,231.3,38.1,2017,A,N,IDA,2010,1.192431351,2010,3528.74,1743.096149,4207.780206
P103238,25.94,26.56,52.5,265.55,0,318.05,318.05,318.05,426.14,0,426.14,108.09,33.99%,FALSE,FALSE,Energy,Energy and Extractives,Renewable Energy Biomass,East Asia and Pacific,Viet Nam,Closed,5/5/09,9/14/09,5/5/09,6/30/14,6/30/18,156.8,278.6,121.8,2018,F,N,Other,2009,1.273980346,2009,1041.21,408.0813843,1326.481076
P103633,16.2,8.1,24.3,240.1,0,264.4,264.40,264.4,341.6,100,441.6,177.20,67.02%,TRUE,FALSE,Transportation,Transportation,Urban Transport,Eastern and Southern Africa,Tanzania,Closed,5/27/08,11/28/08,5/27/08,12/31/11,12/31/16,109.4,261.7,152.3,2016,A,N,IDA,2008,1.161875003,2008,746.44,307.1997507,867.2699771
P106038,8.34,67.98,76.32,1472.31,1.37,1550,1548.63,1550,1709.82,161.46,1871.28,322.65,20.83%,FALSE,TRUE,Transportation,Transportation,Urban Transport,Latin America and Caribbean,Brazil,Closed,5/1/08,7/28/08,5/1/08,6/30/13,4/30/15,157.2,212.9,55.7,2015,B,N,Other,2008,1.161875003,2008,2339.4,1800.906254,2718.090382
P106235,85.84,123.61,209.45,1113.36,80.79,1403.6,1322.81,1403.6,1065.85,0,1065.85,-256.96,-19.43%,FALSE,FALSE,Transportation,Transportation,Rural and Inter-Urban Roads,East Asia and Pacific,Viet Nam,Closed,5/24/11,2/23/12,5/24/11,10/31/18,4/29/19,226.4,241.4,15,2019,A,N,IBRD,2011,1.117906683,2011,4168.69,1571.296097,4660.206411
P106390,70.889,25.592,96.481,504.104,0.325,600.91,600.59,600.91,629.06,0,629.06,28.47,4.74%,FALSE,FALSE,Transportation,Transportation,Urban Transport,Latin America and Caribbean,Brazil,Closed,5/4/10,11/15/10,5/4/10,6/30/14,2/28/18,126.5,238.1,111.6,2018,A,N,Other,2010,1.192431351,2010,761.54,716.5319988,908.084171
P106663,50.08,45.08,95.16,500.84,0.42,596.42,596.00,596.42,1020.84,326.78,1347.62,751.62,126.11%,FALSE,TRUE,Transportation,Transportation,Rural and Inter-Urban Roads,Latin America and Caribbean,Brazil,Closed,7/9/09,10/28/09,7/9/09,6/30/14,6/30/15,151.4,181.8,30.4,2015,B,N,IBRD,2009,1.273980346,2009,920.24,759.8273577,1172.367673
P106872,26.06,21.54,47.6,260.63,0,308.23,308.23,308.23,206.28,0,206.28,-101.95,-33.08%,FALSE,ALSE,Transportation,Transportation,Rural and Inter-Urban Roads,Eastern and Southern Africa,Ethiopia,Closed,6/2/09,9/14/09,6/2/09,6/30/16,6/30/17,215.4,245.8,30.4,2017,A,N,Other,2009,1.273980346,2009,751.93,392.6789619,957.9440412
P107159,,,351.39,2342.61,0,2694,2694.00,2694,114.04,0,114.04,-2579.96,-95.77%,TRUE,FALSE,Transportation,Transportation,Urban Transport,Latin America and Caribbean,Mexico,Closed,3/25/10,12/15/10,12/8/09,9/30/17,4/30/19,237.8,285.8,48,2019,A,N,Other,2010,1.192431351,2010,4405.32,3212.41006,5253.041679
P107559,,,675.94,10977.89,872.43,12526.56,11653.83,12526.26,13054.98,0,13054.98,1401.15,12.02%,FALSE,FALSE,Transportation,Transportation,Railways,East Asia and Pacific,China,Closed,4/16/09,8/26/09,4/16/09,12/31/15,12/31/16,204.2,234.7,30.5,2016,A,N,IBRD,2009,1.273980346,2009,27146.62,15958.59124,34584.26033
P107649,,,71,934,0.88,1005,1005.00,1005.88,942.52,0,942.52,-62.48,-6.22%,FALSE,FALSE,Transportation,Transportation,Rural and Inter-Urban Roads,South Asia,India,Closed,3/24/11,7/17/08,3/24/11,12/31/16,12/28/18,175.8,236.3,60.5,2018,A,N,Other,2011,1.117906683,2011,3098.62,1123.988096,3463.968007
P109961,,,43.96,293.04,73,410,337.00,410,641.84,234,875.84,538.84,159.89%,TRUE,FALSE,Water,"Water, Sanitation and Waste Management",Sanitation,Europe and Central Asia,Azerbaijan,Closed,5/27/08,7/13/09,5/27/08,2/28/13,6/30/19,144.8,337.6,192.8,2019,A,N,IBRD,2008,1.161875003,2008,1327.74,650.6500016,1542.667916
P110371,26.4,13.4,39.8,306.7,2.11,348.7,346.50,348.61,318.68,347.46,666.14,319.64,92.25%,TRUE,TRUE,Transportation,Transportation,Urban Transport,South Asia,India,Closed,12/10/09,5/3/10,12/10/09,11/30/14,3/31/18,151.3,252.8,101.5,2018,B,N,Other,2009,1.273980346,2009,1224.06,439.3321222,1559.428382
P111421,,,27.15,273.56,0.26,300.97,300.71,300.97,232.09,0,232.09,-68.62,-22.82%,TRUE,TRUE,Transportation,Transportation,Urban Transport,East Asia and Pacific,China,Closed,5/20/10,11/9/10,5/20/10,1/31/16,12/31/17,173.5,231.8,58.3,2017,B,N,IBRD,2010,1.192431351,2010,546.3,320.4301526,651.4252471
P111598,,,55.96,406.99,22.78,485.73,462.95,485.73,228.26,0,228.26,-234.69,-50.69%,TRUE,FALSE,Energy,Energy and Extractives,Energy Transmission and Distribution,Eastern and Southern Africa,Tanzania,Closed,8/26/10,3/30/11,8/26/10,3/31/15,12/31/16,139.8,193.3,53.5,2016,Not Available,N,Other,2010,1.192431351,2010,1364.74,579.1996801,1627.358762
P112359,,,484.58,4854.29,645.92,5984.79,5338.87,5984.79,6495.65,0,6495.65,1156.78,21.67%,FALSE,FALSE,Transportation,Transportation,Railways,East Asia and Pacific,China,Closed,6/24/09,12/21/09,6/24/09,12/31/14,6/30/15,168,183.1,15.1,2015,A,N,Other,2009,1.273980346,2009,12969.79,7624.504832,16523.25755
P112523,12.57,12.1,24.67,159.08,0.37,184.12,183.75,184.12,184.36,53.75,238.11,54.36,29.58%,FALSE,TRUE,Transportation,Transportation,Rural and Inter-Urban Roads,Europe and Central Asia,Georgia,Closed,9/10/09,11/3/09,9/10/09,6/30/13,6/30/16,115.8,207.1,91.3,2016,A,N,IBRD,2009,1.273980346,2009,456.7,234.1193681,581.8268238
P112578,50,100,150,1000,1.25,1151.25,1150.00,1151.25,3099.56,650,3749.56,2599.56,226.05%,FALSE,FALSE,Energy,Energy and Extractives,Renewable Energy Biomass,Europe and Central Asia,Turkey,Closed,5/28/09,8/12/09,5/28/09,12/31/14,12/31/16,170.3,231.2,60.9,2016,F,N,Other,2009,1.273980346,2009,1972.46,1466.669873,2512.875272
P112626,,,35.65,237.64,0.98,274.27,273.29,274.27,283.84,0,283.84,10.55,3.86%,FALSE,FALSE,Water,"Water, Sanitation and Waste Management",Sanitation,East Asia and Pacific,China,Closed,3/10/11,8/23/11,3/10/11,5/31/17,5/31/18,189.5,219.9,30.4,2018,A,N,Other,2011,1.117906683,2011,528.71,322.3931084,591.0484425
P112902,,,13.7,95.6,3.3,112.6,109.30,112.6,106.98,0,106.98,-2.32,-2.12%,TRUE,FALSE,Transportation,Transportation,Ports/Waterways,"Middle East, North Africa, Afghanistan, and Pakistan",Pakistan,Closed,9/9/10,7/15/11,9/9/10,12/31/15,12/30/17,161.6,222.4,60.8,2017,B,N,Other,2010,1.192431351,2010,446.32,138.7990093,532.2059606
P113028,,,125.96,839.74,4.775,970.475,965.70,970.475,765.54,0,765.54,-200.16,-20.73%,TRUE,FALSE,Transportation,Transportation,Railways,South Asia,India,Closed,6/29/10,10/8/10,6/29/10,6/15/15,12/31/16,151,198.1,47.1,2016,B,N,IBRD,2010,1.192431351,2010,3029.48,1157.230778,3612.446929
P113078,,,51.8,518,5,574.7,569.80,574.8,629.58,0,629.58,59.78,10.49%,TRUE,FALSE,Energy,Energy and Extractives,Renewable Energy Geothermal,East Asia and Pacific,Indonesia,Closed,7/26/11,5/24/12,7/26/11,3/31/15,12/31/18,112,226.3,114.3,2018,A,N,IBRD,2011,1.117906683,2011,1452.23,650.2304223,1623.457623
P113949,9.86,17.39,27.25,179.31,0,206.56,206.56,206.56,179.31,0,179.31,-27.25,-13.19%,FALSE,TRUE,Water,"Agriculture, Fishing and Forestry",Irrigation and Drainage,East Asia and Pacific,Viet Nam,Closed,6/7/11,10/7/11,6/7/11,3/31/17,9/15/17,177,191,14,2017,B,N,Other,2011,1.117906683,2011,531.8,200.4518474,594.5027742
P116194,,,136.6,1275.5,0,1412.1,1412.10,1412.1,686.73,764,1450.73,38.63,2.74%,FALSE,TRUE,Energy,Energy and Extractives,Non-Renewable Energy Generation,"Middle East, North Africa, Afghanistan, and Pakistan","Egypt, Arab Republic of",Closed,6/8/10,8/12/11,5/27/10,6/30/15,12/31/17,155,231.3,76.3,2017,A,N,Other,2010,1.192431351,2010,5947.24,1970.027759,7091.675428
P116919,,,26.21,174.7,25.2,226.1,200.91,226.11,186.86,0,186.86,-14.05,-6.99%,FALSE,FALSE,Energy,Energy and Extractives,Energy Transmission and Distribution,Europe and Central Asia,Kazakhstan,Closed,11/16/10,3/2/11,11/16/10,4/30/15,4/30/15,135.5,135.5,0,2015,B,N,Other,2010,1.192431351,2010,435.67,245.0446426,519.5065667
P117656,,,130.4,1440.7,140.55,1711.6,1571.10,1711.65,1819.33,0,1819.33,248.23,15.80%,FALSE,FALSE,Transportation,Transportation,Urban Transport,East Asia and Pacific,China,Closed,5/10/11,10/19/11,5/10/11,11/30/16,6/30/18,169.3,217.3,48,2018,A,N,IBRD,2011,1.117906683,2011,3137.9,1913.409079,3507.879381
P117731,38.4,38.69,77.09,337.91,0,415,415.00,415,290.91,0,290.91,-124.09,-29.90%,TRUE,FALSE,Transportation,Transportation,Rural and Inter-Urban Roads,Eastern and Southern Africa,Ethiopia,Closed,9/25/12,1/25/13,9/25/12,4/30/19,10/26/18,200.7,185.2,-15.5,2018,A,N,IDA,2012,1.097493036,2012,1202.47,506.065014,1319.702451
P117745,14.351,12.18,26.531,153.494,0,180.025,180.03,180.025,173.7,0,173.7,-6.33,-3.51%,TRUE,FALSE,Water,"Agriculture, Fishing and Forestry",Irrigation and Drainage,"Middle East, North Africa, Afghanistan, and Pakistan","Egypt, Arab Republic of",Closed,12/14/10,7/10/12,12/14/10,6/30/16,12/31/17,168.8,214.5,45.7,2017,B,N,Other,2010,1.192431351,2010,661.93,219.2642768,789.3060842
P118410,28.13,33.68,61.81,312.44,0.75,375,374.25,375,420.7,0,420.7,46.45,12.41%,FALSE,FALSE,Transportation,Transportation,Rural and Inter-Urban Roads,Latin America and Caribbean,Brazil,Closed,5/4/10,11/23/10,5/4/10,6/30/15,6/30/16,156.9,187.4,30.5,2016,B,N,Other,2010,1.192431351,2010,475.25,447.1617566,566.7029996
P118597,,,19.25,268.46,8.55,296.64,287.71,296.26,203.56,0,203.56,-84.15,-29.25%,TRUE,TRUE,Water,"Agriculture, Fishing and Forestry",Irrigation and Drainage,East Asia and Pacific,China,Closed,5/24/12,11/5/12,5/24/12,12/31/17,12/31/18,170.6,201,30.4,2018,B,N,IBRD,2012,1.097493036,2012,478.68,294.6439555,525.3479666
P118647,,,13.42,268.59,9.13,291.14,282.01,291.14,299.76,0,299.76,17.75,6.29%,FALSE,TRUE,Transportation,Transportation,Ports/Waterways,East Asia and Pacific,China,Closed,4/12/11,8/26/11,4/12/11,12/31/16,12/31/17,174.2,204.6,30.4,2017,A,N,IBRD,2011,1.117906683,2011,533.75,325.4673518,596.6826922
P122028,,,187.17,1247.83,0,1435,1435.00,1435,854.5,0,854.5,-580.50,-40.45%,TRUE,FALSE,Energy,Energy and Extractives,Renewable Energy Solar,"Middle East, North Africa, Afghanistan, and Pakistan",Morocco,Closed,11/17/11,6/12/13,11/17/11,6/30/21,5/5/15,292.8,105.4,-187.4,2015,A,N,Other,2011,1.117906683,2011,3161.25,1604.19609,3533.982502
P122321,0,523.6,523.6,5436.9,342.5,6303,5960.50,6303,5272.45,0,5272.45,-688.05,-11.54%,TRUE,FALSE,Transportation,Transportation,Railways,East Asia and Pacific,China,Closed,5/24/11,8/30/11,5/24/11,12/31/16,12/31/16,170.7,170.7,0,2016,A,N,Other,2011,1.117906683,2011,11555.39,7046.165825,12917.84771
P122671,,,81.26,541.74,0,623,623.00,623,411,0,411,-212.00,-34.03%,TRUE,FALSE,Energy,Energy and Extractives,Renewable Energy Geothermal,Eastern and Southern Africa,Kenya,Closed,2/28/12,,2/28/12,12/31/16,12/31/16,147.3,147.3,0,2016,Not Available,N,IDA,2012,1.097493036,2012,1380.42,683.7381617,1515.001337
P125495,,,19.25,128.35,0,147.6,147.60,147.6,97.3,0,97.3,-50.30,-34.08%,FALSE,FALSE,Transportation,Transportation,Rural and Inter-Urban Roads,South Asia,Nepal,Closed,6/28/12,12/20/12,6/28/12,7/15/17,7/15/17,153.6,153.6,0,2017,Not Available,N,Other,2012,1.097493036,2012,461.76,161.9899722,506.7783845
P130164,,,29.22,194.78,3,227,224.00,227,187.88,0,187.88,-36.12,-16.13%,TRUE,FALSE,Transportation,Transportation,Rural and Inter-Urban Roads,South Asia,India,Closed,11/21/12,12/23/12,10/29/13,12/31/18,12/31/18,157.4,157.4,0,2018,B,N,Grants,2012,1.097493036,2012,765.44,249.1309193,840.0650697